"Time","sensor-readings.reading"
1650802026000,64.4
1650803376000,62.4
1650804831000,60.4
1650806496000,58.4
1650808401000,56.4
1650810006000,54.4
1650811776000,52.4
1650814101000,50.4
1650816846000,48.4
1650820356000,46.4
1650828592000,44.4
1650840472000,46.4
1650844777000,48.4
1650848601000,50.4
1650852216000,52.4
1650855276000,54.4
1650858606000,56.4
1650862161000,58.4
1650865731000,60.4
1650871416000,62.4
1650876756000,60.4
1650878811000,58.4
1650880701000,56.4
1650883056000,54.4
1650885396000,52.4
1650887316000,50.4
1650889941000,48.4
1650892041000,46.4
1650898266000,44.4
1650914526000,46.4
1650917466000,48.4
1650920181000,50.4
1650923181000,52.4
1650925896000,54.4
1650928596000,56.4
1650931206000,58.4
1650933801000,60.4
1650937356000,62.4
1650940612000,64.4
1650948727000,66.4
1650972306000,64.4
1650977197000,62.4
1650981487000,60.4
1650994446000,62.4
1650997356000,64.4
1650999681000,66.4
1651002681000,68.4
1651006101000,70.4
1651010946000,72.4
1651025721000,74.4
1651030161000,76.4
1651035096000,78.4
1651051386000,80.4
1651059486000,78.4
1651062081000,76.4
1651064271000,74.4
1651067511000,72.4
1651105476000,74.4
1651131321000,72.4
1651133121000,70.4
1651134696000,68.4
1651136001000,66.4
1651137516000,64.4
1651139001000,62.4
1651140501000,60.4
1651142061000,58.4
1651143651000,56.4
1651145541000,54.4
1651147611000,52.4
1651149711000,50.4
1651151751000,48.4
1651154451000,46.4
1651156941000,44.4
1651160541000,42.4
1651164456000,40.4
1651173381000,38.4
1651186432000,40.4
1651190811000,42.4
1651194606000,44.4
1651198191000,46.4
1651201716000,48.4
1651205346000,50.4
1651208871000,52.4
1651212966000,54.4
1651221336000,52.4
1651223556000,50.4
1651225926000,48.4
1651228131000,46.4
1651230546000,44.4
1651233606000,42.4
1651236486000,40.4
1651240176000,38.4
1651244946000,36.4
1651251201000,34.4
1651265556000,36.4
1651269697000,38.4
1651273717000,40.4
1651276987000,42.4
1651280706000,44.4
1651284276000,46.4
1651287966000,48.4
1651291431000,50.4
1651294731000,52.4
1651297761000,54.4
1651308636000,52.4
1651311036000,50.4
1651313601000,48.4
1651315686000,46.4
1651318191000,44.4
1651321146000,42.4
1651323831000,40.4
1651326171000,38.4
1651329906000,36.4
1651335156000,34.4
1651353726000,36.4
1651357236000,38.4
1651360326000,40.4
1651363371000,42.4
1651366521000,44.4
1651369611000,46.4
1651372566000,48.4
1651375866000,50.4
1651379572000,52.4
1651382766000,54.4
1651386547000,56.4
1651390837000,58.4
1651394122000,60.4
1651398022000,62.4
1651401396000,64.4
1651408401000,32
1651408416000,65.1
1651411761000,63.1
1651413621000,61.1
1651416336000,59.1
1651418376000,57.1
1651431681000,59.1
1651434771000,61.1
1651438161000,63.1
1651441656000,65.1
1651445481000,67.1
1651449666000,69.1
1651453626000,71.1
1651457421000,73.1
1651462056000,75.1
1651465791000,77.1
1651471041000,79.1
1651483071000,77.1
1651485216000,75.1
1651487001000,73.1
1651488456000,71.1
1651489716000,69.1
1651490991000,67.1
1651492896000,65.1
1651494981000,63.1
1651500756000,61.1
1651508196000,63.1
1651511001000,65.1
1651513716000,67.1
1651516836000,69.1
1651521231000,71.1
1651526961000,73.1
1651532586000,75.1
1651537611000,77.1
1651544707000,79.1
1651552117000,81.1
1651563637000,79.1
1651565542000,77.1
1651567086000,75.1
1651568347000,73.1
1651569201000,71.1
1651570297000,69.1
1651571121000,67.1
1651572081000,65.1
1651573132000,63.1
1651574167000,61.1
1651575082000,59.1
1651576297000,57.1
1651577512000,55.1
1651578682000,53.1
1651580166000,51.1
1651581636000,49.1
1651582972000,47.1
1651584516000,45.1
1651586841000,43.1
1651589001000,41.1
1651595346000,39.1
1651608666000,41.1
1651611591000,43.1
1651614261000,45.1
1651616991000,47.1
1651619421000,49.1
1651621896000,51.1
1651624461000,53.1
1651627386000,55.1
1651630311000,57.1
1651633011000,59.1
1651635831000,61.1
1651638681000,63.1
1651641486000,65.1
1651652316000,63.1
1651654311000,61.1
1651656036000,59.1
1651657896000,57.1
1651659486000,55.1
1651661361000,53.1
1651662876000,51.1
1651664916000,49.1
1651667046000,47.1
1651669851000,45.1
1651685361000,47.1
1651687521000,49.1
1651689472000,51.1
1651691602000,53.1
1651693686000,55.1
1651696221000,57.1
1651699176000,59.1
1651702746000,61.1
1651705942000,63.1
1651708911000,65.1
1651711791000,67.1
1651715032000,69.1
1651718511000,71.1
1651722291000,73.1
1651726161000,75.1
1651736856000,73.1
1651738206000,71.1
1651739901000,69.1
1651741371000,67.1
1651743006000,65.1
1651744416000,63.1
1651745961000,61.1
1651747311000,59.1
1651749216000,57.1
1651750596000,55.1
1651752156000,53.1
1651753551000,51.1
1651755396000,49.1
1651755485000,49.1
1651755571000,49.1
1651757136000,47.1
1651759086000,45.1
1651763151000,43.1
1651784062000,45.1
1651787226000,47.1
1651790182000,49.1
1651792777000,51.1
1651795177000,53.1
1651797546000,55.1
1651800022000,57.1
1651802526000,59.1
1651805316000,61.1
1651808301000,63.1
1651811526000,65.1
1651814653000,65.1
1651815561000,67.1
1651818877000,69.1
1651822177000,71.1
1651852206000,69.1
1651868256000,71.1
1651870641000,73.1
1651873056000,75.1
1651875681000,77.1
1651878471000,79.1
1651882176000,81.1
1651886931000,83.1
1651892316000,85.1
1651902516000,87.1
1651945746000,85.1
1651960476000,87.1
1651983501000,89.1
1651999011000,87.1
1652000526000,85.1
1652001846000,83.1
1652003271000,81.1
1652004726000,79.1
1652006241000,77.1
1652007876000,75.1
1652010306000,73.1
1652012721000,71.1
1652015496000,69.1
1652017836000,67.1
1652025711000,69.1
1652031501000,71.1
1652036271000,73.1
1652039676000,75.1
1652042841000,77.1
1652046321000,79.1
1652050836000,81.1
1652059476000,83.1
1652083027000,81.1
1652085157000,79.1
1652087256000,77.1
1652089641000,75.1
1652090871000,73.1
1652092627000,71.1
1652093916000,69.1
1652095207000,67.1
1652096241000,65.1
1652097966000,63.1
1652100576000,61.1
1652103516000,59.1
1652105781000,57.1
1652109456000,55.1
1652114601000,53.1
1652118471000,51.1
1652126946000,53.1
1652129451000,55.1
1652131806000,57.1
1652133966000,59.1
1652136201000,61.1
1652138511000,63.1
1652140836000,65.1
1652143281000,67.1
1652145771000,69.1
1652148501000,71.1
1652151816000,73.1
1652155716000,75.1
1652159571000,77.1
1652167866000,75.1
1652169081000,73.1
1652170446000,71.1
1652171691000,69.1
1652173341000,67.1
1652174961000,65.1
1652176776000,63.1
1652178411000,61.1
1652180001000,59.1
1652181651000,57.1
1652182851000,55.1
1652184486000,53.1
1652186511000,51.1
1652189106000,49.1
1652192211000,47.1
1652196426000,45.1
1652205306000,47.1
1652207781000,49.1
1652209761000,51.1
1652211801000,53.1
1652213691000,55.1
1652215402000,57.1
1652217547000,59.1
1652219932000,61.1
1652222392000,63.1
1652224987000,65.1
1652227912000,67.1
1652230777000,69.1
1652233956000,71.1
1652237632000,73.1
1652241907000,75.1
1652253591000,73.1
1652254852000,71.1
1652256052000,69.1
1652257447000,67.1
1652258811000,65.1
1652260161000,63.1
1652261511000,61.1
1652262786000,59.1
1652264167000,57.1
1652265291000,55.1
1652266641000,53.1
1652267691000,51.1
1652268756000,49.1
1652270331000,47.1
1652271546000,45.1
1652273076000,43.1
1652275221000,41.1
1652277306000,39.1
1652280471000,37.1
1652284536000,35.1
1652296281000,37.1
1652299176000,39.1
1652301591000,41.1
1652303526000,43.1
1652305551000,45.1
1652307531000,47.1
1652309511000,49.1
1652311401000,51.1
1652313531000,53.1
1652315736000,55.1
1652317911000,57.1
1652320671000,59.1
1652323986000,61.1
1652327571000,63.1
1652332206000,65.1
1652338461000,63.1
1652340396000,61.1
1652342031000,59.1
1652343831000,57.1
1652345871000,55.1
1652347836000,53.1
1652349471000,51.1
1652350986000,49.1
1652352036000,47.1
1652353161000,45.1
1652354226000,43.1
1652355741000,41.1
1652357376000,39.1
1652359716000,37.1
1652362446000,35.1
1652368041000,33.1
1652381017000,35.1
1652383132000,37.1
1652385022000,39.1
1652386747000,41.1
1652388622000,43.1
1652390856000,45.1
1652392942000,47.1
1652395057000,49.1
1652397051000,51.1
1652399092000,53.1
1652401311000,55.1
1652403321000,57.1
1652405451000,59.1
1652407702000,61.1
1652410581000,63.1
1652414091000,65.1
1652417496000,67.1
1652424906000,69.1
1652434611000,67.1
1652436831000,65.1
1652438526000,63.1
1652440356000,61.1
1652442066000,59.1
1652443611000,57.1
1652445921000,55.1
1652448066000,53.1
1652451006000,55.1
1652459196000,57.1
1652461206000,59.1
1652463021000,61.1
1652465046000,63.1
1652467056000,65.1
1652469681000,67.1
1652472066000,69.1
1652474391000,71.1
1652476326000,73.1
1652478711000,75.1
1652481381000,77.1
1652484546000,79.1
1652488581000,81.1
1652496006000,83.1
1652510586000,81.1
1652512386000,79.1
1652514396000,77.1
1652516631000,75.1
1652518521000,73.1
1652519841000,71.1
1652521206000,69.1
1652522841000,67.1
1652524146000,65.1
1652526036000,63.1
1652528016000,61.1
1652529711000,59.1
1652531571000,57.1
1652533026000,55.1
1652535126000,53.1
1652537376000,51.1
1652540166000,49.1
1652543361000,47.1
1652547681000,45.1
1652556576000,47.1
1652559696000,49.1
1652562951000,51.1
1652567196000,53.1
1652571231000,55.1
1652574712000,57.1
1652577846000,59.1
1652580937000,61.1
1652583742000,63.1
1652586487000,65.1
1652589036000,67.1
1652592322000,69.1
1652599251000,67.1
1652600616000,65.1
1652601876000,63.1
1652603106000,61.1
1652604531000,59.1
1652606031000,57.1
1652607756000,55.1
1652609481000,53.1
1652611851000,51.1
1652613981000,49.1
1652616366000,47.1
1652620956000,45.1
1652627241000,43.1
1652638941000,45.1
1652642181000,47.1
1652644401000,49.1
1652646231000,51.1
1652648001000,53.1
1652649832000,55.1
1652651826000,57.1
1652654016000,59.1
1652656581000,61.1
1652659297000,63.1
1652662041000,65.1
1652664876000,67.1
1652667862000,69.1
1652671431000,71.1
1652675226000,73.1
1652684241000,71.1
1652685741000,69.1
1652686986000,67.1
1652688171000,65.1
1652689566000,63.1
1652689940000,63.1
1652690886000,61.1
1652692551000,59.1
1652694246000,57.1
1652696091000,55.1
1652697801000,53.1
1652699871000,51.1
1652702256000,49.1
1652706231000,47.1
1652721291000,49.1
1652723961000,51.1
1652727246000,53.1
1652731851000,55.1
1652737401000,57.1
1652741706000,59.1
1652745711000,61.1
1652749416000,63.1
1652765853000,63.1
1652766426000,65.1
1652774421000,63.1
1652776536000,61.1
1652778141000,59.1
1652779791000,57.1
1652781591000,55.1
1652783706000,53.1
1652785881000,51.1
1652788701000,49.1
1652791112000,49.1
1652791736000,49.1
1652791806000,47.1
1652791988000,47.1
1652792308000,47.1
1652792591000,47.1
1652792978000,47.1
1652796846000,45.1
1652802457000,43.1
1652805832000,41.1
1652810842000,39.1
1652822856000,41.1
1652825886000,43.1
1652828466000,45.1
1652830806000,47.1
1652833101000,49.1
1652835261000,51.1
1652838141000,53.1
1652840856000,55.1
1652843826000,57.1
1652846916000,59.1
1652858841000,57.1
1652861691000,55.1
1652864391000,53.1
1652866356000,51.1
1652869011000,49.1
1652871801000,47.1
1652873781000,45.1
1652876631000,43.1
1652879916000,41.1
1652885196000,39.1
1652892921000,37.1
1652910921000,39.1
1652914836000,41.1
1652919561000,43.1
1652924106000,45.1
1652928231000,47.1
1652931891000,49.1
1652935056000,51.1
1652939271000,53.1
1652946742000,51.1
1652950072000,49.1
1652953311000,47.1
1652956431000,45.1
1652959476000,43.1
1652962176000,41.1
1652965656000,39.1
1652969586000,37.1
1652973876000,35.1
1652979771000,33.1
1652993796000,35.1
1652997276000,37.1
1653000831000,39.1
1653004086000,41.1
1653007221000,43.1
1653010191000,45.1
1653013296000,47.1
1653016071000,49.1
1653019431000,51.1
1653022836000,53.1
1653025176000,55.1
1653033201000,57.1
1653037716000,55.1
1653039246000,53.1
1653041136000,51.1
1653042756000,49.1
1653044376000,47.1
1653046446000,45.1
1653048636000,43.1
1653051081000,41.1
1653054276000,39.1
1653058746000,37.1
1653070117000,39.1
1653073131000,41.1
1653075577000,43.1
1653077931000,45.1
1653080182000,47.1
1653082072000,49.1
1653083811000,51.1
1653085612000,53.1
1653087681000,55.1
1653089377000,57.1
1653097686000,55.1
1653130176000,53.1
1653132681000,51.1
1653134436000,49.1
1653136986000,47.1
1653139536000,45.1
1653143166000,43.1
1653149946000,41.1
1653155421000,39.1
1653160536000,41.1
1653162996000,43.1
1653165801000,45.1
1653168966000,47.1
1653173916000,49.1
1653180441000,51.1
1653184386000,53.1
1653187627000,55.1
1653191212000,57.1
1653211566000,55.1
1653215181000,53.1
1653218691000,51.1
1653221856000,49.1
1653225606000,47.1
1653230061000,45.1
1653236661000,43.1
1653247026000,45.1
1653251256000,47.1
1653256731000,49.1
1653266496000,51.1
1653272976000,53.1
1653280731000,55.1
1653285636000,57.1
1653290556000,59.1
1653298206000,57.1
1653300813000,0
1653300947000,56.2
1653304532000,54.2
1653308177000,52.2
1653313023000,50.2
1653331668000,52.2
1653335478000,54.2
1653339003000,56.2
1653342528000,58.2
1653344268000,60.2
1653345753000,62.2
1653348663000,66.2
1653350163000,68.2
1653351663000,70.2
1653353373000,72.2
1653355473000,74.2
1653357887000,76.2
1653360348000,78.2
1653363377000,80.2
1653366918000,82.2
1653372917000,82.2
1653377823000,80.2
1653379128000,78.2
1653380553000,76.2
1653382037000,74.2
1653383462000,72.2
1653385503000,70.2
1653386493000,70.2
1653387573000,68.2
1653389793000,66.2
1653391353000,64.2
1653395628000,60.2
1653401883000,58.2
1653409908000,56.2
1653421263000,58.2
1653423708000,60.2
1653426708000,62.2
1653433263000,66.2
1653436023000,68.2
1653438857000,70.2
1653441977000,72.2
1653446507000,74.2
1653449793000,76.2
1653452807000,78.2
1653455242000,78.2
1653456843000,80.2
1653467373000,78.2
1653469293000,76.2
1653470174000,76.2
1653472442000,74.2
1653474827000,72.2
1653476972000,70.2
1653479342000,68.2
1653481352000,66.2
1653487112000,68.2
1653488642000,70.2
1653490397000,72.2
1653491807000,74.2
1653493562000,76.2
1653496712000,78.2
1653501752000,80.2
1653507392000,82.2
1653512432000,84.2
1653553878000,82.2
1653556188000,80.2
1653557823000,78.2
1653559368000,76.2
1653561888000,74.2
1653564618000,72.2
1653567888000,70.2
1653569838000,68.2
1653571758000,66.2
1653573227000,64.2
1653576812000,60.2
1653578852000,58.2
1653582738000,56.2
1653586833000,54.2
1653595172000,56.2
1653597137000,58.2
1653599042000,60.2
1653600947000,62.2
1653604877000,66.2
1653607127000,68.2
1653609512000,70.2
1653611942000,72.2
1653614597000,74.2
1653617897000,76.2
1653621632000,78.2
1653625607000,80.2
1653633407000,78.2
1653634548000,76.2
1653635748000,74.2
1653636962000,72.2
1653638252000,70.2
1653640082000,68.2
1653641897000,66.2
1653643937000,64.2
1653647688000,60.2
1653649863000,58.2
1653652112000,56.2
1653654603000,54.2
1653657903000,52.2
1653661818000,50.2
1653668328000,48.2
1653677253000,50.2
1653679608000,52.2
1653681273000,54.2
1653684138000,56.2
1653686298000,58.2
1653688233000,60.2
1653690153000,62.2
1653694713000,66.2
1653697263000,68.2
1653700292000,70.2
1653704117000,72.2
1653708003000,74.2
1653713267000,76.2
1653717437000,78.2
1653727472000,80.2
1653734207000,82.2
1653753048000,80.2
1653763458000,78.2
1653773103000,80.2
1653785942000,82.2
1653806627000,80.2
1653811532000,78.2
1653815387000,76.2
1653819152000,74.2
1653833928000,76.2
1653843798000,78.2
1653852588000,80.2
1653858993000,82.2
1653868113000,84.2
1653882528000,86.2
1653896327000,84.2
1653898608000,82.2
1653901443000,80.2
1653903767000,78.2
1653905912000,76.2
1653907787000,74.2
1653909873000,72.2
1653911492000,70.2
1653913458000,68.2
1653914957000,66.2
1653916892000,64.2
1653920522000,60.2
1653922787000,58.2
1653926207000,56.2
1653940967000,58.2
1653944102000,60.2
1653947057000,62.2
1653953447000,66.2
1653958007000,68.2
1653961832000,70.2
1653965627000,72.2
1653968942000,74.2
1653970712000,76.2
1653980357000,74.2
1653982082000,72.2
1653983507000,70.2
1653985097000,68.2
1653986522000,66.2
1653988517000,64.2
1653992117000,60.2
1653994232000,58.2
1653997112000,56.2
1654001597000,54.2
1654006862000,52.2
1654022252000,54.2
1654024683000,56.2
1654026782000,58.2
1654028853000,60.2
1654030863000,62.2
1654034657000,66.2
1654036533000,68.2
1654038513000,70.2
1654040628000,72.2
1654042638000,74.2
1654045158000,76.2
1654066233000,74.2
1654068183000,72.2
1654069983000,70.2
1654071618000,68.2
1654073283000,66.2
1654074993000,64.2
1654078143000,60.2
1654079898000,58.2
1654081443000,56.2
1654083183000,54.2
1654085808000,52.2
1654088703000,50.2
1654091972000,48.2
1654112417000,50.2
1654115342000,52.2
1654119047000,54.2
1654120562000,56.2
1654121912000,58.2
1654123127000,60.2
1654124342000,62.2
1654126937000,66.2
1654128422000,68.2
1654130252000,70.2
1654132562000,72.2
1654136252000,74.2
1654139252000,76.2
1654141952000,78.2
1654145162000,80.2
1654153622000,78.2
1654155497000,76.2
1654156982000,74.2
1654157996000,74.2
1654158512000,72.2
1654159982000,70.2
1654161407000,68.2
1654162982000,66.2
1654164422000,64.2
1654167647000,60.2
1654169447000,58.2
1654171382000,56.2
1654173092000,54.2
1654175687000,52.2
1654186547000,54.2
1654188857000,56.2
1654190672000,58.2
1654192397000,60.2
1654193987000,62.2
1654196987000,66.2
1654198652000,68.2
1654200347000,70.2
1654202043000,72.2
1654203872000,74.2
1654205838000,76.2
1654208118000,78.2
1654210743000,80.2
1654214088000,82.2
1654218783000,84.2
1654224438000,86.2
1654236498000,84.2
1654238118000,82.2
1654239303000,80.2
1654240638000,78.2
1654242273000,76.2
1654243533000,74.2
1654245048000,72.2
1654246638000,70.2
1654248677000,68.2
1654250223000,66.2
1654252173000,64.2
1654256163000,60.2
1654259717000,58.2
1654265147000,56.2
1654279668000,58.2
1654282337000,60.2
1654285022000,62.2
1654289702000,66.2
1654291742000,68.2
1654293437000,70.2
1654295792000,72.2
1654298417000,74.2
1654301597000,76.2
1654304462000,78.2
1654307267000,80.2
1654309982000,82.2
1654313222000,84.2
1654316837000,86.2
1654322837000,84.2
1654324427000,82.2
1654325807000,80.2
1654327112000,78.2
1654328342000,76.2
1654329512000,74.2
1654330697000,72.2
1654331702000,70.2
1654332857000,68.2
1654333952000,66.2
1654335152000,64.2
1654337672000,60.2
1654339037000,58.2
1654340642000,56.2
1654342382000,54.2
1654344137000,52.2
1654345833000,50.2
1654347948000,48.2
1654350318000,46.2
1654352642000,44.2
1654356722000,42.2
1654365453000,44.2
1654369038000,46.2
1654371663000,48.2
1654374033000,50.2
1654376388000,52.2
1654377633000,54.2
1654378758000,56.2
1654379808000,58.2
1654380813000,60.2
1654381788000,62.2
1654383918000,66.2
1654385118000,68.2
1654386348000,70.2
1654387713000,72.2
1654389273000,74.2
1654391013000,76.2
1654392918000,78.2
1654395198000,80.2
1654397793000,82.2
1654400943000,84.2
1654405443000,86.2
1654410167000,84.2
1654411997000,82.2
1654413392000,80.2
1654414982000,78.2
1654416692000,76.2
1654418447000,74.2
1654419917000,72.2
1654422962000,70.2
1654428692000,68.2
1654444427000,70.2
1654451447000,72.2
1654458452000,74.2
1654485543000,76.2
1654489263000,78.2
1654502058000,76.2
1654504848000,74.2
1654506948000,72.2
1654508598000,70.2
1654510158000,68.2
1654511928000,66.2
1654513788000,64.2
1654516532000,60.2
1654517898000,58.2
1654519743000,56.2
1654521738000,54.2
1654524483000,52.2
1654531038000,50.2
1654544567000,52.2
1654546817000,54.2
1654549037000,56.2
1654551257000,58.2
1654553612000,60.2
1654556597000,62.2
1654562342000,66.2
1654565372000,68.2
1654568357000,70.2
1654571252000,72.2
1654573862000,74.2
1654583882000,72.2
1654585322000,70.2
1654586642000,68.2
1654588172000,66.2
1654589672000,64.2
1654591907000,60.2
1654593167000,58.2
1654595237000,56.2
1654597383000,54.2
1654601493000,52.2
1654604192000,50.2
1654609697000,48.2
1654618878000,50.2
1654620588000,52.2
1654622298000,54.2
1654623993000,56.2
1654625388000,58.2
1654626783000,60.2
1654628148000,62.2
1654630908000,66.2
1654632333000,68.2
1654633863000,70.2
1654635528000,72.2
1654637508000,74.2
1654639773000,76.2
1654642278000,78.2
1654658792000,76.2
1654683452000,74.2
1654685027000,72.2
1654686827000,70.2
1654688927000,68.2
1654690667000,66.2
1654692212000,64.2
1654696382000,60.2
1654699397000,58.2
1654710752000,56.2
1654719407000,58.2
1654721537000,60.2
1654723472000,62.2
1654726983000,66.2
1654728843000,68.2
1654730748000,70.2
1654732878000,72.2
1654735278000,74.2
1654738293000,76.2
1654741773000,78.2
1654745283000,80.2
1654754268000,78.2
1654756772000,76.2
1654759203000,74.2
1654761767000,72.2
1654764557000,70.2
1654767707000,68.2
1654770692000,66.2
1654774247000,64.2
1654789277000,60.2
1654797362000,58.2
1654811027000,56.2
1654854992000,54.2
1654866302000,52.2
1654877507000,52.2
1654878212000,50.2
1654878560000,50.2
1654900892000,52.2
1654906427000,54.2
1654920468000,56.2
1654931028000,54.2
1654933803000,52.2
1654936413000,50.2
1654938858000,48.2
1654942203000,46.2
1654946073000,44.2
1654949523000,42.2
1654955778000,40.2
1654966127000,38.2
1654981202000,40.2
1654983722000,42.2
1654986452000,44.2
1654988672000,46.2
1654991072000,48.2
1654993472000,50.2
1654995782000,52.2
1654998182000,54.2
1655000867000,56.2
1655003852000,58.2
1655006583000,60.2
1655010347000,62.2
1655016573000,60.2
1655018883000,58.2
1655020503000,56.2
1655022483000,54.2
1655024118000,52.2
1655025678000,50.2
1655027268000,48.2
1655028468000,46.2
1655030433000,44.2
1655032938000,42.2
1655035848000,40.2
1655039598000,38.2
1655042658000,36.2
1655048088000,34.2
1655062187000,36.2
1655064407000,38.2
1655066597000,40.2
1655068322000,42.2
1655070002000,44.2
1655071832000,46.2
1655073422000,48.2
1655075072000,50.2
1655076782000,52.2
1655078672000,54.2
1655080652000,56.2
1655082662000,58.2
1655084747000,60.2
1655087283000,62.2
1655092608000,66.2
1655104637000,64.2
1655107008000,60.2
1655108283000,58.2
1655109648000,56.2
1655111328000,54.2
1655112993000,52.2
1655114973000,50.2
1655117553000,48.2
1655121303000,46.2
1655125113000,44.2
1655127063000,42.2
1655133303000,44.2
1655143833000,42.2
1655146832000,40.2
1655150807000,38.2
1655163302000,40.2
1655166812000,42.2
1655169437000,44.2
1655171762000,46.2
1655174027000,48.2
1655176037000,50.2
1655178182000,52.2
1655180132000,54.2
1655182143000,56.2
1655192582000,54.2
1655196332000,52.2
1655200023000,50.2
1655204418000,48.2
1655208123000,46.2
1655211723000,44.2
1655215218000,42.2
1655233203000,44.2
1655236623000,46.2
1655239473000,48.2
1655242083000,50.2
1655244933000,52.2
1655247423000,54.2
1655249883000,56.2
1655252403000,58.2
1655255043000,60.2
1655257713000,62.2
1655263683000,66.2
1655267102000,68.2
1655276538000,66.2
1655278173000,64.2
1655281682000,60.2
1655283407000,58.2
1655285388000,56.2
1655287608000,54.2
1655290968000,52.2
1655294447000,50.2
1655301542000,48.2
1655309822000,46.2
1655322587000,48.2
1655325827000,50.2
1655328557000,52.2
1655330807000,54.2
1655332952000,56.2
1655335022000,58.2
1655337407000,60.2
1655339852000,62.2
1655345402000,66.2
1655348403000,68.2
1655351283000,70.2
1655354373000,72.2
1655361588000,70.2
1655363103000,68.2
1655365008000,66.2
1655366613000,64.2
1655369898000,60.2
1655371383000,58.2
1655373363000,56.2
1655376123000,54.2
1655384478000,56.2
1655386938000,58.2
1655390253000,60.2
1655394363000,62.2
1655398893000,66.2
1655405118000,68.2
1655411598000,70.2
1655417012000,72.2
1655433917000,74.2
1655439017000,76.2
1655448887000,74.2
1655452323000,72.2
1655455458000,70.2
1655457078000,68.2
1655458323000,66.2
1655459793000,64.2
1655462703000,60.2
1655464023000,58.2
1655465208000,56.2
1655466513000,54.2
1655467772000,52.2
1655469258000,50.2
1655470637000,48.2
1655472183000,46.2
1655490408000,48.2
1655493723000,50.2
1655496918000,52.2
1655499573000,54.2
1655501928000,56.2
1655506173000,58.2
1655509593000,60.2
1655512367000,62.2
1655518112000,66.2
1655521548000,68.2
1655524382000,70.2
1655530668000,72.2
1655533862000,70.2
1655535137000,68.2
1655536337000,66.2
1655537462000,64.2
1655540087000,60.2
1655541572000,58.2
1655543207000,56.2
1655544692000,54.2
1655547047000,52.2
1655549372000,50.2
1655551592000,48.2
1655554217000,46.2
1655557682000,44.2
1655561972000,42.2
1655583407000,44.2
1655586017000,46.2
1655588342000,48.2
1655590532000,50.2
1655592543000,52.2
1655594597000,54.2
1655596818000,56.2
1655599112000,58.2
1655601467000,60.2
1655604213000,62.2
1655610033000,66.2
1655612763000,68.2
1655621853000,66.2
1655623833000,64.2
1655626848000,60.2
1655628318000,58.2
1655630388000,56.2
1655632983000,54.2
1655635878000,52.2
1655638383000,50.2
1655641203000,48.2
1655644143000,46.2
1655649393000,44.2
1655657433000,42.2
1655670212000,44.2
1655673887000,46.2
1655676527000,48.2
1655679062000,50.2
1655681537000,52.2
1655683877000,54.2
1655686382000,56.2
1655688767000,58.2
1655691377000,60.2
1655693912000,62.2
1655699072000,66.2
1655707892000,64.2
1655711777000,60.2
1655713802000,58.2
1655715302000,56.2
1655717252000,54.2
1655719187000,52.2
1655721302000,50.2
1655722697000,48.2
1655724647000,46.2
1655727497000,44.2
1655735808000,46.2
1655741238000,48.2
1655743383000,50.2
1655744568000,52.2
1655745633000,54.2
1655746563000,56.2
1655747448000,58.2
1655748378000,60.2
1655749338000,62.2
1655751258000,66.2
1655752323000,68.2
1655753493000,70.2
1655754963000,72.2
1655756583000,74.2
1655758458000,76.2
1655760093000,78.2
1655762628000,80.2
1655766543000,82.2
1655770458000,84.2
1655774238000,86.2
1655807462000,88.2
1655817092000,86.2
1655821937000,84.2
1655824967000,82.2
1655828252000,80.2
1655831312000,78.2
1655852942000,80.2
1655857652000,82.2
1655864792000,84.2
1655879688000,82.2
1655881923000,80.2
1655883918000,78.2
1655885358000,76.2
1655886363000,74.2
1655887728000,72.2
1655888883000,70.2
1655890278000,68.2
1655891898000,66.2
1655894928000,64.2
1655918673000,66.2
1655921913000,68.2
1655925183000,70.2
1655927133000,72.2
1655928663000,74.2
1655930148000,76.2
1655931768000,78.2
1655933628000,80.2
1655935848000,82.2
1655938367000,84.2
1655941788000,86.2
1655946542000,88.2
1655951312000,90.2
1655960162000,92.2
1655970512000,90.2
1655973842000,88.2
1655976302000,86.2
1655978057000,84.2
1655979917000,82.2
1655981147000,80.2
1655982602000,78.2
1655984417000,76.2
1655987822000,74.2
1655991287000,72.2
1655996117000,70.2
1656011447000,72.2
1656015017000,74.2
1656018198000,76.2
1656021513000,78.2
1656026163000,80.2
1656031233000,82.2
1656037473000,84.2
1656052743000,82.2
1656056192000,80.2
1656057798000,78.2
1656059418000,76.2
1656060843000,74.2
1656062778000,72.2
1656065012000,70.2
1656067667000,68.2
1656070967000,66.2
1656082772000,64.2
1656090572000,66.2
1656092717000,68.2
1656095297000,70.2
1656097952000,72.2
1656100457000,74.2
1656102722000,76.2
1656105062000,78.2
1656107507000,80.2
1656130758000,78.2
1656133263000,76.2
1656135453000,74.2
1656137148000,72.2
1656138993000,70.2
1656140568000,68.2
1656142158000,66.2
1656143988000,64.2
1656148173000,60.2
1656150227000,58.2
1656152103000,56.2
1656154158000,54.2
1656156542000,52.2
1656158778000,50.2
1656161507000,48.2
1656165918000,46.2
1656169967000,44.2
1656175907000,42.2
1656184157000,44.2
1656187862000,46.2
1656190577000,48.2
1656192857000,50.2
1656195077000,52.2
1656197313000,54.2
1656199623000,56.2
1656201828000,58.2
1656203913000,60.2
1656206178000,62.2
1656210693000,66.2
1656212973000,68.2
1656215223000,70.2
1656217893000,72.2
1656226113000,70.2
1656227388000,68.2
1656228873000,66.2
1656230373000,64.2
1656233883000,60.2
1656235923000,58.2
1656238503000,56.2
1656242073000,54.2
1656244803000,52.2
1656248103000,50.2
1656252003000,48.2
1656257297000,46.2
1656270138000,48.2
1656273167000,50.2
1656275552000,52.2
1656277652000,54.2
1656279557000,56.2
1656281477000,58.2
1656283442000,60.2
1656285467000,62.2
1656290057000,66.2
1656292562000,68.2
1656295007000,70.2
1656297887000,72.2
1656301172000,74.2
1656311762000,72.2
1656313397000,70.2
1656314717000,68.2
1656316082000,66.2
1656317852000,64.2
1656320242000,62.2
1656321288000,60.2
1656322893000,58.2
1656324798000,56.2
1656327228000,54.2
1656330497000,52.2
1656335028000,50.2
1656336753000,50.2
1656338912000,48.2
1656345463000,48.2
1656357302000,50.2
1656360032000,52.2
1656362837000,54.2
1656365132000,56.2
1656367352000,58.2
1656369767000,60.2
1656372917000,62.2
1656376021000,64.2
1656378167000,66.2
1656380657000,68.2
1656384827000,70.2
1656398553000,68.2
1656399947000,66.2
1656401132000,64.2
1656402994000,62.2
1656403968000,60.2
1656405738000,58.2
1656407853000,56.2
1656409923000,54.2
1656413673000,52.2
1656420708000,50.2
1656438963000,52.2
1656440868000,54.2
1656442623000,56.2
1656444168000,58.2
1656445757000,60.2
1656447422000,62.2
1656449747000,64.2
1656451653000,66.2
1656455597000,68.2
1656465738000,70.2
1656469847000,72.2
1656481517000,70.2
1656483392000,68.2
1656485417000,66.2
1656487622000,64.2
1656489907000,62.2
1656491417000,60.2
1656493217000,58.2
1656496307000,56.2
1656499697000,54.2
1656503717000,52.2
1656506042000,50.2
1656508997000,48.2
1656512852000,46.2
1656516887000,44.2
1656521687000,42.2
1656528332000,44.2
1656529922000,46.2
1656531198000,48.2
1656532232000,50.2
1656533162000,52.2
1656534212000,54.2
1656535188000,56.2
1656536133000,58.2
1656537108000,60.2
1656538083000,62.2
1656539658000,64.2
1656540377000,66.2
1656541893000,68.2
1656544008000,70.2
1656545583000,72.2
1656547158000,74.2
1656549378000,76.2
1656552318000,78.2
1656558843000,80.2
1656572942000,78.2
1656574592000,76.2
1656575822000,74.2
1656576813000,72.2
1656577922000,70.2
1656578807000,68.2
1656579827000,66.2
1656580802000,64.2
1656582214000,62.2
1656583022000,60.2
1656584357000,58.2
1656585933000,56.2
1656587942000,54.2
1656590072000,52.2
1656593177000,50.2
1656596867000,48.2
1656602957000,46.2
1656608492000,44.2
1656617117000,46.2
1656619022000,48.2
1656620612000,50.2
1656622007000,52.2
1656623417000,54.2
1656624737000,56.2
1656626117000,58.2
1656627632000,60.2
1656629297000,62.2
1656631365000,64.2
1656632927000,66.2
1656635042000,68.2
1656637577000,70.2
1656640232000,72.2
1656643518000,74.2
1656647463000,76.2
1656656133000,74.2
1656657453000,72.2
1656658563000,70.2
1656659898000,68.2
1656660873000,66.2
1656661863000,64.2
1656663733000,62.2
1656665208000,60.2
1656667218000,58.2
1656669003000,56.2
1656670878000,54.2
1656672873000,52.2
1656674688000,50.2
1656676338000,48.2
1656678048000,46.2
1656679712000,44.2
1656682038000,42.2
1656684512000,40.2
1656688097000,38.2
1656698252000,40.2
1656703277000,42.2
1656706082000,44.2
1656709592000,46.2
1656715758000,48.2
1656723602000,50.2
1656735512000,52.2
1656739893000,54.2
1656751728000,52.2
1656754128000,50.2
1656757428000,48.2
1656761238000,46.2
1656769293000,44.2
1656779463000,42.2
1656792558000,44.2
1656795768000,46.2
1656798768000,48.2
1656801633000,50.2
1656804168000,52.2
1656806823000,54.2
1656809298000,56.2
1656812207000,58.2
1656815253000,60.2
1656818358000,62.2
1656821974000,64.2
1656832763000,62.2
1656834182000,60.2
1656835578000,58.2
1656837167000,56.2
1656839567000,54.2
1656841217000,52.2
1656843917000,50.2
1656847712000,48.2
1656850637000,46.2
1656853397000,44.2
1656857372000,42.2
1656861992000,40.2
1656876977000,42.2
1656879782000,44.2
1656881867000,46.2
1656883547000,48.2
1656885242000,50.2
1656886967000,52.2
1656888827000,54.2
1656890657000,56.2
1656892682000,58.2
1656894842000,60.2
1656897437000,62.2
1656900496000,64.2
1656902747000,66.2
1656905897000,68.2
1656909542000,70.2
1656916472000,68.2
1656918422000,66.2
1656919998000,64.2
1656922075000,62.2
1656922967000,60.2
1656924273000,58.2
1656925908000,56.2
1656927573000,54.2
1656932282000,52.2
1656936513000,50.2
1656938913000,48.2
1656945663000,46.2
1656954843000,44.2
1656956388000,46.2
1656957483000,48.2
1656958473000,50.2
1656959388000,52.2
1656960243000,54.2
1656961053000,56.2
1656961848000,58.2
1656962673000,60.2
1656963528000,62.2
1656964632000,64.2
1656965238000,66.2
1656966138000,68.2
1656967158000,70.2
1656968253000,72.2
1656969363000,74.2
1656970638000,76.2
1656972033000,78.2
1656973608000,80.2
1656975408000,82.2
1656977448000,84.2
1656979997000,86.2
1656983163000,88.2
1656987122000,90.2
1656992207000,92.2
1657000022000,94.2
1657014722000,92.2
1657015546000,90.2
1657016372000,88.2
1657017271000,86.2
1657018157000,84.2
1657018847000,82.2
1657019522000,80.2
1657020422000,78.2
1657021217000,76.2
1657022087000,74.2
1657023197000,72.2
1657024037000,70.2
1657025027000,68.2
1657026002000,66.2
1657026902000,64.2
1657028168000,62.2
1657029002000,60.2
1657030202000,58.2
1657031492000,56.2
1657032902000,54.2
1657034492000,52.2
1657036172000,50.2
1657038167000,48.2
1657040192000,46.2
1657044497000,44.2
1657053857000,46.2
1657056467000,48.2
1657058432000,50.2
1657060277000,52.2
1657062122000,54.2
1657064072000,56.2
1657066037000,58.2
1657068107000,60.2
1657070537000,62.2
1657073123000,64.2
1657075547000,66.2
1657078278000,68.2
1657081082000,70.2
1657086123000,72.2
1657090398000,70.2
1657091673000,68.2
1657092873000,66.2
1657093848000,64.2
1657095301000,62.2
1657095843000,60.2
1657096833000,58.2
1657097943000,56.2
1657099053000,54.2
1657100268000,52.2
1657101618000,50.2
1657102788000,48.2
1657104168000,46.2
1657105893000,44.2
1657107333000,42.2
1657109073000,40.2
1657111098000,38.2
1657113618000,36.2
1657116033000,34.2
1657119528000,32.2
1657132668000,34.2
1657135428000,36.2
1657137933000,38.2
1657140213000,40.2
1657142403000,42.2
1657144563000,44.2
1657146588000,46.2
1657148643000,48.2
1657150562000,50.2
1657152468000,52.2
1657154538000,54.2
1657156728000,56.2
1657158917000,58.2
1657161033000,60.2
1657163433000,62.2
1657166030000,64.2
1657168547000,66.2
1657172282000,68.2
1657179257000,66.2
1657180682000,64.2
1657182214000,62.2
1657183577000,60.2
1657184957000,58.2
1657186832000,56.2
1657189127000,54.2
1657191197000,52.2
1657196717000,54.2
1657198187000,56.2
1657199702000,58.2
1657201067000,60.2
1657202327000,62.2
1657203792000,64.2
1657205492000,66.2
1657207502000,68.2
1657210052000,70.2
1657213022000,72.2
1657216382000,74.2
1657220702000,76.2
1657226552000,78.2
1657229672000,80.2
1657233527000,82.2
1657237067000,84.2
1657241988000,86.2
1657257108000,84.2
1657261338000,82.2
1657264413000,80.2
1657266438000,78.2
1657268058000,76.2
1657269498000,74.2
1657270593000,72.2
1657271868000,70.2
1657273173000,68.2
1657274538000,66.2
1657275843000,64.2
1657277519000,62.2
1657278498000,60.2
1657279848000,58.2
1657281558000,56.2
1657283403000,54.2
1657285578000,52.2
1657287888000,50.2
1657290468000,48.2
1657293573000,46.2
1657297398000,44.2
1657303818000,42.2
1657329182000,44.2
1657335317000,46.2
1657338137000,48.2
1657340357000,50.2
1657342877000,52.2
1657346567000,54.2
1657353842000,52.2
1657357577000,50.2
1657360427000,48.2
1657363367000,46.2
1657366713000,44.2
1657369638000,42.2
1657373343000,40.2
1657378023000,38.2
1657383198000,36.2
1657402503000,38.2
1657406613000,40.2
1657410287000,42.2
1657413662000,44.2
1657416647000,46.2
1657419257000,48.2
1657421747000,50.2
1657424072000,52.2
1657426472000,54.2
1657428632000,56.2
1657430822000,58.2
1657433372000,60.2
1657436132000,62.2
1657438757000,64.2
1657445949000,62.2
1657449422000,60.2
1657452587000,58.2
1657454267000,56.2
1657455947000,54.2
1657457942000,52.2
1657460027000,50.2
1657463073000,48.2
1657467047000,46.2
1657470993000,44.2
1657475912000,42.2
1657493433000,44.2
1657496223000,46.2
1657499372000,48.2
1657501953000,50.2
1657504592000,52.2
1657507113000,54.2
1657509617000,56.2
1657511807000,58.2
1657513772000,60.2
1657516727000,62.2
1657525337000,60.2
1657526987000,58.2
1657528202000,56.2
1657529897000,54.2
1657531442000,52.2
1657533167000,50.2
1657534757000,48.2
1657536587000,46.2
1657538582000,44.2
1657541088000,42.2
1657554768000,36.2
1657573368000,38.2
1657578183000,40.2
1657581828000,42.2
1657584842000,44.2
1657587467000,46.2
1657590467000,48.2
1657593513000,50.2
1657596722000,52.2
1657599872000,54.2
1657603697000,56.2
1657608617000,58.2
1657612487000,56.2
1657615292000,54.2
1657623527000,52.2
1657627832000,50.2
1657631972000,48.2
1657637162000,46.2
1657644302000,44.2
1657659633000,46.2
1657662182000,48.2
1657664523000,50.2
1657667013000,52.2
1657669548000,54.2
1657672068000,56.2
1657674543000,58.2
1657677003000,60.2
1657679688000,62.2
1657683302000,64.2
1657685463000,66.2
1657689333000,68.2
1657695888000,66.2
1657697928000,64.2
1657700085000,62.2
1657701558000,60.2
1657702998000,58.2
1657704317000,56.2
1657705398000,54.2
1657706658000,52.2
1657708142000,50.2
1657709718000,48.2
1657711472000,46.2
1657713258000,44.2
1657715372000,42.2
1657717187000,40.2
1657719288000,38.2
1657721837000,36.2
1657724042000,34.2
1657726277000,32.2
1657728618000,30.2
1657731227000,28.2
1657741742000,30.2
1657744067000,32.2
1657746092000,34.2
1657748192000,36.2
1657750307000,38.2
1657752572000,40.2
1657754912000,42.2
1657757237000,44.2
1657760402000,46.2
1657764557000,48.2
1657768697000,50.2
1657773797000,52.2
1657783637000,50.2
1657786803000,48.2
1657789548000,46.2
1657792038000,44.2
1657793718000,42.2
1657795383000,40.2
1657797093000,38.2
1657800513000,36.2
1657812978000,34.2
1657828263000,36.2
1657830138000,38.2
1657831728000,40.2
1657833213000,42.2
1657834698000,44.2
1657836092000,46.2
1657837757000,48.2
1657839482000,50.2
1657841508000,52.2
1657843787000,54.2
1657846097000,56.2
1657848782000,58.2
1657859702000,60.2
1657897787000,62.2
1657900284000,64.2
1657902017000,66.2
1657903712000,68.2
1657905437000,70.2
1657907372000,72.2
1657909442000,74.2
1657912742000,76.2
1657915982000,78.2
1657920947000,80.2
1657924202000,82.2
1657930577000,84.2
1657941453000,86.2
1657947977000,88.2
1657954052000,86.2
1657955133000,84.2
1657956167000,82.2
1657957068000,80.2
1657958057000,78.2
1657959512000,76.2
1657961313000,74.2
1657962723000,72.2
1657964673000,70.2
1657966563000,68.2
1657968468000,66.2
1657971108000,64.2
1657973411000,62.2
1657975503000,60.2
1657977888000,58.2
1657980408000,56.2
1657983243000,54.2
1657985448000,52.2
1657987518000,50.2
1657989858000,48.2
1657993322000,46.2
1657999968000,48.2
1658003132000,50.2
1658006432000,52.2
1658010213000,54.2
1658013258000,56.2
1658015552000,58.2
1658017623000,60.2
1658019677000,62.2
1658021962000,64.2
1658024132000,66.2
1658027042000,68.2
1658029607000,70.2
1658039372000,68.2
1658041037000,66.2
1658043002000,64.2
1658044739000,62.2
1658046407000,60.2
1658048087000,58.2
1658050022000,56.2
1658052167000,54.2
1658054522000,52.2
1658057417000,50.2
1658059817000,48.2
1658063597000,46.2
1658068772000,44.2
1658077682000,42.2
1658087837000,44.2
1658090627000,46.2
1658092937000,48.2
1658095053000,50.2
1658097138000,52.2
1658099462000,54.2
1658101847000,56.2
1658104143000,58.2
1658106528000,60.2
1658108913000,62.2
1658111872000,64.2
1658114763000,66.2
1658118063000,68.2
1658122758000,70.2
1658127408000,68.2
1658128758000,66.2
1658130318000,64.2
1658131653000,62.2
1658132973000,60.2
1658134248000,58.2
1658135538000,56.2
1658136903000,54.2
1658138328000,52.2
1658140248000,50.2
1658141913000,48.2
1658143772000,46.2
1658145648000,44.2
1658147463000,42.2
1658150388000,40.2
1658153312000,38.2
1658158233000,36.2
1658165807000,34.2
1658174942000,36.2
1658178122000,38.2
1658180507000,40.2
1658182952000,42.2
1658185682000,44.2
1658188682000,46.2
1658191742000,48.2
1658194562000,50.2
1658197562000,52.2
1658200772000,54.2
1658203817000,56.2
1658207447000,58.2
1658216132000,56.2
1658217512000,54.2
1658218802000,52.2
1658220092000,50.2
1658221517000,48.2
1658222837000,46.2
1658224262000,44.2
1658225582000,42.2
1658227548000,40.2
1658229709000,38.2
1658231927000,36.2
1658236188000,34.2
1658240898000,32.2
1658247948000,30.2
1658260758000,32.2
1658263413000,34.2
1658265678000,36.2
1658267973000,38.2
1658270073000,40.2
1658272427000,42.2
1658274797000,44.2
1658277407000,46.2
1658279943000,48.2
1658282642000,50.2
1658285687000,52.2
1658288642000,54.2
1658291072000,56.2
1658296127000,58.2
1658300222000,56.2
1658302217000,54.2
1658303717000,52.2
1658305172000,50.2
1658306327000,48.2
1658307857000,46.2
1658309552000,44.2
1658311157000,42.2
1658312717000,40.2
1658314517000,38.2
1658316227000,36.2
1658318252000,34.2
1658320352000,32.2
1658324747000,30.2
1658348072000,32.2
1658350502000,34.2
1658352662000,36.2
1658355017000,38.2
1658357313000,40.2
1658360163000,42.2
1658363163000,44.2
1658366238000,46.2
1658369298000,48.2
1658372463000,50.2
1658375418000,52.2
1658378763000,54.2
1658389292000,52.2
1658390747000,50.2
1658391978000,48.2
1658393328000,46.2
1658394842000,44.2
1658395400000,44.2
1658396223000,42.2
1658397962000,40.2
1658399852000,38.2
1658402148000,36.2
1658405387000,34.2
1658408957000,32.2
1658412797000,30.2
1658431232000,32.2
1658433287000,34.2
1658435702000,36.2
1658438222000,38.2
1658441282000,40.2
1658444492000,42.2
1658447372000,44.2
1658450912000,46.2
1658454407000,48.2
1658457797000,50.2
1658461202000,52.2
1658463737000,54.2
1658467488000,56.2
1658475303000,54.2
1658476653000,52.2
1658478408000,50.2
1658480478000,48.2
1658482563000,46.2
1658484783000,44.2
1658487318000,42.2
1658490273000,40.2
1658493078000,38.2
1658497608000,36.2
1658519822000,38.2
1658522657000,40.2
1658525192000,42.2
1658527187000,44.2
1658529347000,46.2
1658531747000,48.2
1658533997000,50.2
1658536352000,52.2
1658539262000,54.2
1658541947000,56.2
1658545217000,58.2
1658549327000,60.2
1658553003000,62.2
1658560772000,60.2
1658562123000,58.2
1658563653000,56.2
1658565003000,54.2
1658566457000,52.2
1658567493000,50.2
1658568888000,48.2
1658571468000,46.2
1658573508000,44.2
1658575803000,42.2
1658577648000,40.2
1658580063000,38.2
1658582883000,36.2
1658586723000,34.2
1658591673000,32.2
1658598048000,34.2
1658601363000,36.2
1658604318000,38.2
1658607828000,40.2
1658608803000,42.2
1658609808000,44.2
1658610753000,46.2
1658611562000,48.2
1658612373000,50.2
1658613123000,52.2
1658613903000,54.2
1658614638000,56.2
1658615372000,58.2
1658616122000,60.2
1658616903000,62.2
1658617766000,64.2
1658618583000,66.2
1658619543000,68.2
1658620563000,70.2
1658621673000,72.2
1658622873000,74.2
1658624237000,76.2
1658625738000,78.2
1658627973000,80.2
1658641712000,82.2
1658647382000,80.2
1658648553000,78.2
1658649587000,76.2
1658650592000,74.2
1658651462000,72.2
1658652422000,70.2
1658653502000,68.2
1658654612000,66.2
1658655917000,64.2
1658657326000,62.2
1658658347000,60.2
1658659652000,58.2
1658660882000,56.2
1658662397000,54.2
1658664017000,52.2
1658665637000,50.2
1658668037000,48.2
1658670347000,46.2
1658672882000,44.2
1658683832000,46.2
1658689712000,48.2
1658692592000,50.2
1658694947000,52.2
1658697017000,54.2
1658699042000,56.2
1658700977000,58.2
1658702927000,60.2
1658705087000,62.2
1658707676000,64.2
1658710112000,66.2
1658712962000,68.2
1658715992000,70.2
1658719337000,72.2
1658722562000,74.2
1658731652000,72.2
1658732672000,70.2
1658733887000,68.2
1658735117000,66.2
1658736318000,64.2
1658738246000,62.2
1658738807000,60.2
1658740247000,58.2
1658741853000,56.2
1658743637000,54.2
1658745678000,52.2
1658747868000,50.2
1658750433000,48.2
1658752863000,46.2
1658755908000,44.2
1658759778000,42.2
1658768718000,40.2
1658774823000,42.2
1658777058000,44.2
1658779143000,46.2
1658781003000,48.2
1658782683000,50.2
1658784378000,52.2
1658786793000,54.2
1658789103000,56.2
1658791518000,58.2
1658793722000,60.2
1658799917000,62.2
1658807523000,60.2
1658815202000,58.2
1658821922000,56.2
1658839697000,54.2
1658842427000,52.2
1658845067000,50.2
1658847887000,48.2
1658856932000,50.2
1658858447000,52.2
1658860232000,54.2
1658861777000,56.2
1658863412000,58.2
1658865137000,60.2
1658867207000,62.2
1658869514000,64.2
1658871437000,66.2
1658873567000,68.2
1658875773000,70.2
1658878143000,72.2
1658880932000,74.2
1658884368000,76.2
1658888643000,78.2
1658897433000,80.2
1658904603000,78.2
1658906793000,76.2
1658909073000,74.2
1658910438000,72.2
1658912223000,70.2
1658916812000,68.2
1658918673000,66.2
1658921117000,64.2
1658924659000,62.2
1658933012000,60.2
1658939282000,62.2
1658941442000,64.2
1658942867000,66.2
1658944277000,68.2
1658945777000,70.2
1658947382000,72.2
1658949107000,74.2
1658951342000,76.2
1658954072000,78.2
1658957612000,80.2
1658962697000,82.2
1658969147000,84.2
1658975477000,86.2
1658993027000,84.2
1658995563000,82.2
1658997468000,80.2
1658998413000,78.2
1658999177000,76.2
1659000093000,74.2
1659001083000,72.2
1659001862000,70.2
1659002912000,68.2
1659004007000,66.2
1659005133000,64.2
1659006777000,62.2
1659007352000,60.2
1659008418000,58.2
1659009572000,56.2
1659010848000,54.2
1659012212000,52.2
1659014238000,50.2
1659016742000,48.2
1659020043000,46.2
1659025653000,44.2
1659038463000,46.2
1659040398000,48.2
1659042063000,50.2
1659043773000,52.2
1659045723000,54.2
1659047613000,56.2
1659049533000,58.2
1659051768000,60.2
1659053973000,62.2
1659057126000,64.2
1659059673000,66.2
1659063633000,68.2
1659067203000,70.2
1659070682000,72.2
1659077733000,70.2
1659078797000,68.2
1659080192000,66.2
1659081407000,64.2
1659082900000,62.2
1659083507000,60.2
1659084678000,58.2
1659085892000,56.2
1659087902000,54.2
1659090422000,52.2
1659093752000,50.2
1659096557000,48.2
1659101582000,46.2
1659107192000,44.2
1659113942000,42.2
1659121727000,44.2
1659123947000,46.2
1659125642000,48.2
1659127817000,50.2
1659129257000,52.2
1659130562000,54.2
1659131732000,56.2
1659132932000,58.2
1659134102000,60.2
1659135332000,62.2
1659136847000,64.2
1659137987000,66.2
1659139442000,68.2
1659141107000,70.2
1659142878000,72.2
1659144828000,74.2
1659147287000,76.2
1659150183000,78.2
1659153257000,80.2
1659156213000,82.2
1659159603000,84.2
1659174648000,82.2
1659176118000,80.2
1659177723000,78.2
1659179883000,76.2
1659184008000,74.2
1659186948000,72.2
1659189408000,70.2
1659190863000,68.2
1659192153000,66.2
1659193938000,64.2
1659196187000,62.2
1659197072000,60.2
1659198198000,58.2
1659199608000,56.2
1659200747000,54.2
1659202293000,52.2
1659203792000,50.2
1659206222000,48.2
1659219032000,50.2
1659221252000,52.2
1659223682000,54.2
1659225827000,56.2
1659228077000,58.2
1659230402000,60.2
1659233177000,62.2
1659236346000,64.2
1659238562000,66.2
1659241007000,68.2
1659253308000,66.2
1659254327000,64.2
1659255527000,62.2
1659256817000,60.2
1659258078000,58.2
1659259472000,56.2
1659260988000,54.2
1659262502000,52.2
1659264318000,50.2
1659265862000,48.2
1659267603000,46.2
1659269373000,44.2
1659271263000,42.2
1659273408000,40.2
1659276603000,38.2
1659281868000,36.2
1659296433000,38.2
1659299613000,40.2
1659301803000,42.2
1659304143000,44.2
1659306573000,46.2
1659308988000,48.2
1659311553000,50.2
1659314148000,52.2
1659316922000,54.2
1659320133000,56.2
1659323012000,58.2
1659325997000,60.2
1659329642000,62.2
1659345272000,60.2
1659346487000,58.2
1659347732000,56.2
1659348797000,54.2
1659349787000,52.2
1659350867000,50.2
1659352487000,48.2
1659354107000,46.2
1659356117000,44.2
1659357797000,42.2
1659359702000,40.2
1659361772000,38.2
1659363511000,38.2
1659364863000,36.2
1659376053000,38.2
1659378903000,40.2
1659381422000,42.2
1659382078000,42.2
1659383462000,44.2
1659385442000,46.2
1659387242000,48.2
1659388982000,50.2
1659390902000,52.2
1659392777000,54.2
1659394697000,56.2
1659396678000,58.2
1659398957000,60.2
1659401013000,62.2
1659407848000,64.2
1659415473000,66.2
1659417783000,68.2
1659425418000,66.2
1659426648000,64.2
1659428227000,62.2
1659429483000,60.2
1659430968000,58.2
1659432738000,56.2
1659434718000,54.2
1659437523000,52.2
1659458943000,50.2
1659466848000,52.2
1659469323000,54.2
1659471572000,56.2
1659473867000,58.2
1659475998000,60.2
1659477962000,62.2
1659480375000,64.2
1659481862000,66.2
1659484098000,68.2
1659486512000,70.2
1659489077000,72.2
1659492722000,74.2
1659496667000,76.2
1659500672000,78.2
1659509372000,76.2
1659510557000,74.2
1659511472000,72.2
1659512297000,70.2
1659513242000,68.2
1659514202000,66.2
1659515237000,64.2
1659516339000,62.2
1659517667000,60.2
1659518582000,58.2
1659520067000,56.2
1659521582000,54.2
1659523172000,52.2
1659525062000,50.2
1659527492000,48.2
1659529457000,46.2
1659532262000,44.2
1659534272000,42.2
1659537632000,40.2
1659542012000,38.2
1659551256000,38.2
1659555827000,40.2
1659558332000,42.2
1659560297000,44.2
1659562172000,46.2
1659564213000,48.2
1659566762000,50.2
1659569028000,52.2
1659571682000,54.2
1659574503000,56.2
1659577383000,58.2
1659580473000,60.2
1659584058000,62.2
1659588866000,64.2
1659596659000,62.2
1659597423000,60.2
1659598368000,58.2
1659599433000,56.2
1659600693000,54.2
1659602073000,52.2
1659603543000,50.2
1659604923000,48.2
1659606993000,46.2
1659609603000,44.2
1659612183000,42.2
1659615483000,40.2
1659620643000,38.2
1659629943000,36.2
1659640547000,38.2
1659643083000,40.2
1659645138000,42.2
1659647073000,44.2
1659649097000,46.2
1659650867000,48.2
1659653162000,50.2
1659655502000,52.2
1659658037000,54.2
1659661367000,56.2
1659664607000,58.2
1659667802000,60.2
1659671792000,62.2
1659677577000,64.2
1659682972000,62.2
1659683822000,60.2
1659685172000,58.2
1659686222000,56.2
1659687572000,54.2
1659688997000,52.2
1659690167000,50.2
1659691907000,48.2
1659693767000,46.2
1659695942000,44.2
1659698297000,42.2
1659700937000,40.2
1659705962000,38.2
1659720617000,40.2
1659723798000,42.2
1659726632000,44.2
1659729017000,46.2
1659731192000,48.2
1659733428000,50.2
1659735647000,52.2
1659738017000,54.2
1659740118000,56.2
1659742592000,58.2
1659746162000,60.2
1659753408000,62.2
1659760263000,60.2
1659763128000,58.2
1659766173000,56.2
1659769428000,54.2
1659773178000,52.2
1659783873000,54.2
1659785433000,56.2
1659787248000,58.2
1659790953000,60.2
1659793488000,62.2
1659796258000,64.2
1659818672000,66.2
1659826517000,68.2
1659854222000,70.2
1659858137000,68.2
1659859787000,66.2
1659861527000,64.2
1659863391000,62.2
1659864708000,60.2
1659866417000,58.2
1659867767000,56.2
1659869672000,54.2
1659871668000,52.2
1659873528000,50.2
1659875132000,48.2
1659876708000,46.2
1659881613000,44.2
1659886097000,42.2
1659890013000,40.2
1659898188000,42.2
1659901443000,44.2
1659904428000,46.2
1659907203000,48.2
1659909483000,50.2
1659911703000,52.2
1659914102000,54.2
1659916578000,56.2
1659919382000,58.2
1659922427000,60.2
1659925577000,62.2
1659929325000,64.2
1659932027000,66.2
1659936317000,68.2
1659947942000,66.2
1659951272000,64.2
1659955699000,62.2
1659958892000,60.2
1659963047000,58.2
1659970757000,56.2
1659976202000,54.2
1659997638000,56.2
1660002257000,58.2
1660006443000,60.2
1660009968000,62.2
1660014440000,64.2
1660017273000,66.2
1660020618000,68.2
1660029288000,66.2
1660030623000,64.2
1660032422000,62.2
1660033293000,60.2
1660034403000,58.2
1660035468000,56.2
1660036788000,54.2
1660038183000,52.2
1660039293000,50.2
1660040598000,48.2
1660041963000,46.2
1660043478000,44.2
1660044947000,42.2
1660046448000,40.2
1660048563000,38.2
1660051128000,36.2
1660054608000,34.2
1660075982000,36.2
1660080273000,38.2
1660084037000,40.2
1660087067000,42.2
1660090532000,44.2
1660093922000,46.2
1660097207000,48.2
1660100372000,50.2
1660103822000,52.2
1660106642000,54.2
1660110452000,56.2
1660115987000,54.2
1660118147000,52.2
1660120502000,50.2
1660124303000,50.2
1660124357000,48.2
1660127192000,46.2
1660130567000,44.2
1660133267000,42.2
1660136222000,40.2
1660139012000,38.2
1660143212000,36.2
1660150278000,34.2
1660158659000,34.2
1660160721000,34.2
1660166402000,36.2
1660169807000,38.2
1660172823000,40.2
1660176002000,42.2
1660178913000,44.2
1660181748000,46.2
1660184508000,48.2
1660187253000,50.2
1660190703000,52.2
1660193838000,54.2
1660197303000,56.2
1660203753000,54.2
1660205853000,52.2
1660207278000,50.2
1660209363000,48.2
1660211418000,46.2
1660213803000,44.2
1660215933000,42.2
1660219038000,40.2
1660223553000,38.2
1660227572000,36.2
1660256642000,38.2
1660263887000,40.2
1660269617000,42.2
1660274312000,44.2
1660278002000,46.2
1660299707000,44.2
1660305557000,42.2
1660309592000,40.2
1660315787000,38.2
1660318097000,40.2
1660319432000,42.2
1660320812000,44.2
1660322118000,46.2
1660323422000,48.2
1660324682000,50.2
1660326077000,52.2
1660327668000,54.2
1660329543000,56.2
1660331522000,58.2
1660333863000,60.2
1660336473000,62.2
1660339914000,64.2
1660343312000,66.2
1660351353000,68.2
1660366623000,70.2
1660384262000,68.2
1660400537000,66.2
1660402547000,64.2
1660405249000,62.2
1660407647000,60.2
1660416962000,62.2
1660419035000,64.2
1660421207000,66.2
1660423787000,68.2
1660428302000,70.2
1660433942000,72.2
1660438442000,74.2
1660442747000,76.2
1660446903000,78.2
1660450847000,80.2
1660461078000,78.2
1660462503000,76.2
1660463673000,74.2
1660465128000,72.2
1660466463000,70.2
1660467738000,68.2
1660468878000,66.2
1660470183000,64.2
1660471782000,62.2
1660472448000,60.2
1660473603000,58.2
1660474698000,56.2
1660476018000,54.2
1660477608000,52.2
1660478778000,50.2
1660480623000,48.2
1660482633000,46.2
1660485198000,44.2
1660488858000,42.2
1660504172000,44.2
1660506152000,46.2
1660508102000,48.2
1660510367000,50.2
1660512767000,52.2
1660516592000,54.2
1660519457000,56.2
1660521797000,58.2
1660523942000,60.2
1660526342000,62.2
1660529324000,64.2
1660531352000,66.2
1660533977000,68.2
1660537052000,70.2
1660540157000,72.2
1660547868000,70.2
1660549083000,68.2
1660550118000,66.2
1660551318000,64.2
1660552702000,62.2
1660553433000,60.2
1660554648000,58.2
1660555803000,56.2
1660556763000,54.2
1660557933000,52.2
1660559193000,50.2
1660560993000,48.2
1660563138000,46.2
1660565478000,44.2
1660567398000,42.2
1660569633000,40.2
1660572318000,38.2
1660574853000,36.2
1660586627000,38.2
1660588653000,40.2
1660590437000,42.2
1660592147000,44.2
1660593947000,46.2
1660596452000,48.2
1660599062000,50.2
1660601477000,52.2
1660603292000,54.2
1660604972000,56.2
1660606682000,58.2
1660608692000,60.2
1660611122000,62.2
1660615039000,64.2
1660630623000,62.2
1660634297000,60.2
1660639188000,58.2
1660641377000,56.2
1660643087000,54.2
1660644903000,52.2
1660646598000,50.2
1660648188000,48.2
1660649808000,46.2
1660652058000,44.2
1660653723000,42.2
1660657098000,40.2
1660667208000,38.2
1660676658000,40.2
1660679223000,42.2
1660681427000,44.2
1660683557000,46.2
1660685717000,48.2
1660688238000,50.2
1660690712000,52.2
1660693443000,54.2
1660696022000,56.2
1660698452000,58.2
1660701002000,60.2
1660703717000,62.2
1660706747000,64.2
1660709777000,66.2
1660713587000,68.2
1660720742000,66.2
1660722062000,64.2
1660723530000,62.2
1660724252000,60.2
1660725317000,58.2
1660726487000,56.2
1660727852000,54.2
1660729127000,52.2
1660730687000,50.2
1660732352000,48.2
1660733822000,46.2
1660735637000,44.2
1660737212000,42.2
1660738967000,40.2
1660740842000,38.2
1660743167000,36.2
1660746512000,34.2
1660750967000,32.2
1660764602000,34.2
1660767842000,36.2
1660770767000,38.2
1660773588000,40.2
1660775883000,42.2
1660778628000,44.2
1660781057000,46.2
1660783713000,48.2
1660786278000,50.2
1660789188000,52.2
1660792278000,54.2
1660794573000,56.2
1660796973000,58.2
1660799343000,60.2
1660808643000,58.2
1660809873000,56.2
1660810968000,54.2
1660811943000,52.2
1660812993000,50.2
1660814028000,48.2
1660815303000,46.2
1660816758000,44.2
1660818543000,42.2
1660820298000,40.2
1660822398000,38.2
1660824768000,36.2
1660826838000,34.2
1660831893000,32.2
1660835163000,34.2
1660836993000,36.2
1660838523000,38.2
1660840067000,40.2
1660841643000,42.2
1660843233000,44.2
1660844822000,46.2
1660846307000,48.2
1660847868000,50.2
1660849533000,52.2
1660851332000,54.2
1660853283000,56.2
1660855488000,58.2
1660857767000,60.2
1660860197000,62.2
1660863191000,64.2
1660866302000,66.2
1660870412000,68.2
1660875722000,70.2
1660883297000,72.2
1660890317000,70.2
1660893347000,68.2
1660896287000,66.2
1660902737000,68.2
1660908407000,70.2
1660911407000,68.2
1660912952000,66.2
1660914437000,64.2
1660915937000,62.2
1660916897000,60.2
1660918412000,58.2
1660919762000,56.2
1660920932000,54.2
1660922762000,52.2
1660924862000,50.2
1660933158000,52.2
1660934717000,54.2
1660936007000,56.2
1660937372000,58.2
1660938708000,60.2
1660940087000,62.2
1660941712000,64.2
1660942682000,66.2
1660944062000,68.2
1660945517000,70.2
1660947182000,72.2
1660949282000,74.2
1660951697000,76.2
1660954847000,78.2
1660958912000,80.2
1660967958000,82.2
1660980063000,80.2
1660981608000,78.2
1660982733000,76.2
1660983873000,74.2
1660984938000,72.2
1660986243000,70.2
1660987473000,68.2
1660988418000,66.2
1660989423000,64.2
1660990863000,62.2
1660992108000,60.2
1660995288000,58.2
1661001498000,60.2
1661003898000,62.2
1661009252000,60.2
1661011518000,58.2
1661014683000,56.2
1661020128000,54.2
1661060342000,56.2
1661079902000,54.2
1661084312000,52.2
1661094888000,50.2
1661102298000,48.2
1661119218000,50.2
1661131323000,52.2
1661153462000,54.2
1661159868000,56.2
1661169017000,54.2
1661173337000,52.2
1661209772000,54.2
1661211977000,56.2
1661213627000,58.2
1661215127000,60.2
1661216522000,62.2
1661218035000,64.2
1661219132000,66.2
1661220407000,68.2
1661222027000,70.2
1661223587000,72.2
1661225567000,74.2
1661227922000,76.2
1661231282000,78.2
1661237567000,80.2
1661246882000,78.2
1661249717000,76.2
1661251322000,74.2
1661254127000,72.2
1661256737000,70.2
1661259242000,68.2
1661262377000,66.2
1661265197000,64.2
1661268984000,62.2
1661272908000,60.2
1661281247000,58.2
1661288298000,60.2
1661292753000,62.2
1661297756000,64.2
1661300373000,66.2
1661303253000,68.2
1661306103000,70.2
1661308893000,72.2
1661311893000,74.2
1661315313000,76.2
1661319318000,78.2
1661328182000,76.2
1661329203000,74.2
1661330072000,72.2
1661331287000,70.2
1661332338000,68.2
1661333088000,66.2
1661334048000,64.2
1661335518000,62.2
1661335923000,60.2
1661336943000,58.2
1661338217000,56.2
1661339702000,54.2
1661341337000,52.2
1661343062000,50.2
1661346617000,48.2
1661359142000,50.2
1661361107000,52.2
1661362832000,54.2
1661364182000,56.2
1661365397000,58.2
1661366537000,60.2
1661367722000,62.2
1661369084000,64.2
1661370302000,66.2
1661371862000,68.2
1661373587000,70.2
1661375357000,72.2
1661377337000,74.2
1661379812000,76.2
1661383082000,78.2
1661386922000,80.2
1661391422000,82.2
1661412512000,80.2
1661414072000,78.2
1661415932000,76.2
1661418497000,74.2
1661422337000,72.2
1661426118000,70.2
1661427377000,68.2
1661428802000,66.2
1661429868000,64.2
1661431422000,62.2
1661432432000,60.2
1661434128000,58.2
1661436078000,56.2
1661438148000,54.2
1661442273000,52.2
1661452053000,54.2
1661454423000,56.2
1661456388000,58.2
1661458308000,60.2
1661460123000,62.2
1661461991000,64.2
1661464008000,66.2
1661466318000,68.2
1661468703000,70.2
1661471252000,72.2
1661474087000,74.2
1661477358000,76.2
1661481153000,78.2
1661485667000,80.2
1661498087000,78.2
1661499497000,76.2
1661500457000,74.2
1661501492000,72.2
1661502362000,70.2
1661503292000,68.2
1661504087000,66.2
1661505107000,64.2
1661506347000,62.2
1661507177000,60.2
1661508632000,58.2
1661509997000,56.2
1661511467000,54.2
1661513567000,52.2
1661515202000,50.2
1661516762000,48.2
1661518607000,46.2
1661520767000,44.2
1661524022000,42.2
1661539262000,44.2
1661541302000,46.2
1661543102000,48.2
1661544752000,50.2
1661546373000,52.2
1661548293000,54.2
1661550092000,56.2
1661551937000,58.2
1661553932000,60.2
1661556017000,62.2
1661558495000,64.2
1661560832000,66.2
1661563908000,68.2
1661567328000,70.2
1661571678000,72.2
1661575623000,74.2
1661585703000,72.2
1661587008000,70.2
1661588253000,68.2
1661589378000,66.2
1661590668000,64.2
1661592061000,62.2
1661593593000,60.2
1661595062000,58.2
1661596802000,56.2
1661598093000,54.2
1661599713000,52.2
1661602277000,50.2
1661610422000,52.2
1661613542000,54.2
1661614877000,56.2
1661616077000,58.2
1661617247000,60.2
1661618252000,62.2
1661619633000,64.2
1661620292000,66.2
1661621342000,68.2
1661622467000,70.2
1661623697000,72.2
1661624987000,74.2
1661626442000,76.2
1661627987000,78.2
1661629802000,80.2
1661631902000,82.2
1661637077000,84.2
1661641952000,86.2
1661649137000,88.2
1661664933000,90.2
1661670753000,88.2
1661673873000,86.2
1661675688000,84.2
1661677338000,82.2
1661679153000,80.2
1661680893000,78.2
1661682468000,76.2
1661684013000,74.2
1661685558000,72.2
1661687358000,70.2
1661689008000,68.2
1661690568000,66.2
1661691693000,64.2
1661693959000,62.2
1661695653000,60.2
1661697708000,58.2
1661700543000,60.2
1661702193000,62.2
1661704149000,64.2
1661705073000,66.2
1661706528000,68.2
1661708132000,70.2
1661710022000,72.2
1661712272000,74.2
1661714822000,76.2
1661716937000,78.2
1661719457000,80.2
1661722637000,82.2
1661725607000,84.2
1661729177000,86.2
1661733497000,88.2
1661738087000,90.2
1661756912000,88.2
1661758758000,86.2
1661760438000,84.2
1661761712000,82.2
1661763063000,80.2
1661764518000,78.2
1661765988000,76.2
1661767128000,74.2
1661768073000,72.2
1661769167000,70.2
1661776308000,72.2
1661778018000,74.2
1661779413000,76.2
1661783763000,74.2
1661784813000,72.2
1661786208000,70.2
1661787468000,68.2
1661788938000,66.2
1661790528000,64.2
1661792860000,62.2
1661799453000,64.2
1661801148000,66.2
1661802677000,68.2
1661804162000,70.2
1661805663000,72.2
1661807207000,74.2
1661809023000,76.2
1661811002000,78.2
1661813417000,80.2
1661816492000,82.2
1661820212000,84.2
1661824982000,86.2
1661830607000,88.2
1661844812000,86.2
1661845682000,84.2
1661846567000,82.2
1661847452000,80.2
1661848532000,78.2
1661849492000,76.2
1661850497000,74.2
1661851397000,72.2
1661852597000,70.2
1661853887000,68.2
1661855297000,66.2
1661856872000,64.2
1661858794000,62.2
1661859677000,60.2
1661861672000,58.2
1661863577000,56.2
1661865752000,54.2
1661867642000,52.2
1661873807000,50.2
1661883303000,52.2
1661887053000,54.2
1661895138000,56.2
1661903463000,58.2
1661907003000,60.2
1661910798000,62.2
1661915737000,64.2
1661919648000,66.2
1661923758000,68.2
1661945088000,66.2
1661949262000,64.2
1661956757000,66.2
1661958977000,68.2
1661961122000,70.2
1661963192000,72.2
1661965187000,74.2
1661967542000,76.2
1661970092000,78.2
1661972957000,80.2
1661976497000,82.2
1661980862000,84.2
1661984342000,86.2
1661994992000,88.2
1662014462000,86.2
1662017403000,84.2
1662019068000,82.2
1662020463000,80.2
1662021857000,78.2
1662023223000,76.2
1662024453000,74.2
1662025608000,72.2
1662026523000,70.2
1662028053000,68.2
1662029178000,66.2
1662030498000,64.2
1662036175000,62.2
1662041388000,60.2
1662045918000,58.2
1662050088000,56.2
1662058532000,54.2
1662072077000,56.2
1662076982000,58.2
1662081437000,60.2
1662085427000,62.2
1662089521000,64.2
1662092237000,66.2
1662095508000,68.2
1662105003000,66.2
1662107043000,64.2
1662109302000,62.2
1662110073000,60.2
1662111617000,58.2
1662113388000,56.2
1662114813000,54.2
1662116447000,52.2
1662118337000,50.2
1662120108000,48.2
1662121473000,46.2
1662123663000,44.2
1662126378000,42.2
1662127075000,42.2
1662127467000,42.2
1662133038000,40.2
1662142218000,42.2
1662145203000,44.2
1662147858000,46.2
1662150513000,48.2
1662152988000,50.2
1662155388000,52.2
1662157803000,54.2
1662160278000,56.2
1662162558000,58.2
1662164882000,60.2
1662167178000,62.2
1662170020000,64.2
1662171873000,66.2
1662174437000,68.2
1662177332000,70.2
1662180242000,72.2
1662183302000,74.2
1662191867000,72.2
1662193802000,70.2
1662195737000,68.2
1662197657000,66.2
1662199697000,64.2
1662202387000,62.2
1662204602000,60.2
1662206402000,58.2
1662208772000,56.2
1662211202000,54.2
1662215087000,52.2
1662230927000,54.2
1662235172000,56.2
1662239417000,58.2
1662243257000,60.2
1662246663000,62.2
1662250339000,64.2
1662252992000,66.2
1662255617000,68.2
1662258108000,70.2
1662260568000,72.2
1662263418000,74.2
1662266463000,76.2
1662269163000,78.2
1662278598000,76.2
1662280308000,74.2
1662281613000,72.2
1662282798000,70.2
1662283908000,68.2
1662285183000,66.2
1662286488000,64.2
1662288102000,62.2
1662289188000,60.2
1662291303000,58.2
1662292563000,56.2
1662295053000,54.2
1662301098000,56.2
1662304713000,58.2
1662306843000,60.2
1662310292000,62.2
1662313277000,64.2
1662315347000,66.2
1662317237000,68.2
1662319112000,70.2
1662320897000,72.2
1662322757000,74.2
1662325038000,76.2
1662327482000,78.2
1662330437000,80.2
1662334247000,82.2
1662339332000,84.2
1662345872000,86.2
1662356087000,88.2
1662360992000,86.2
1662362987000,84.2
1662364262000,82.2
1662365627000,80.2
1662366797000,78.2
1662368252000,76.2
1662370667000,74.2
1662373292000,72.2
1662375482000,70.2
1662378887000,68.2
1662382667000,66.2
1662388038000,64.2
1662403742000,66.2
1662406563000,68.2
1662408888000,70.2
1662410883000,72.2
1662412818000,74.2
1662414858000,76.2
1662416913000,78.2
1662419223000,80.2
1662421638000,82.2
1662424713000,84.2
1662430278000,86.2
1662438227000,88.2
1662448413000,86.2
1662449882000,84.2
1662451457000,82.2
1662452688000,80.2
1662454128000,78.2
1662455642000,76.2
1662457667000,74.2
1662459662000,72.2
1662461582000,70.2
1662463352000,68.2
1662464987000,66.2
1662467012000,64.2
1662469720000,62.2
1662471632000,60.2
1662473357000,58.2
1662476267000,56.2
1662484757000,58.2
1662487787000,60.2
1662490952000,62.2
1662492497000,64.2
1662493697000,66.2
1662494897000,68.2
1662496127000,70.2
1662497402000,72.2
1662498722000,74.2
1662500237000,76.2
1662501932000,78.2
1662504002000,80.2
1662506432000,82.2
1662509942000,84.2
1662513887000,86.2
1662518133000,88.2
1662525258000,90.2
1662537138000,88.2
1662539643000,86.2
1662540873000,84.2
1662542223000,82.2
1662543513000,80.2
1662545133000,78.2
1662546648000,76.2
1662548463000,74.2
1662550098000,72.2
1662552018000,70.2
1662553653000,68.2
1662555618000,66.2
1662557928000,64.2
1662566688000,66.2
1662568428000,68.2
1662570483000,70.2
1662572793000,72.2
1662575313000,74.2
1662578013000,76.2
1662581688000,78.2
1662585347000,80.2
1662588828000,82.2
1662593793000,84.2
1662599192000,86.2
1662607637000,88.2
1662622772000,86.2
1662624182000,84.2
1662625352000,82.2
1662626402000,80.2
1662627242000,78.2
1662628277000,76.2
1662629447000,74.2
1662630857000,72.2
1662632732000,70.2
1662635357000,68.2
1662647222000,70.2
1662655757000,68.2
1662659493000,66.2
1662663348000,64.2
1662668121000,62.2
1662680109000,64.2
1662683163000,66.2
1662685818000,68.2
1662688143000,70.2
1662690798000,72.2
1662693828000,74.2
1662698088000,76.2
1662702288000,78.2
1662710433000,76.2
1662715682000,74.2
1662718817000,72.2
1662720753000,70.2
1662722627000,68.2
1662724877000,66.2
1662727922000,64.2
1662733455000,62.2
1662739449000,64.2
1662741812000,66.2
1662744602000,68.2
1662747392000,70.2
1662750632000,72.2
1662754352000,74.2
1662757218000,76.2
1662759603000,78.2
1662761943000,80.2
1662764793000,82.2
1662771933000,84.2
1662781023000,86.2
1662786378000,88.2
1662793803000,86.2
1662795288000,84.2
1662796623000,82.2
1662797673000,80.2
1662798543000,78.2
1662799728000,76.2
1662800688000,74.2
1662801738000,72.2
1662802817000,70.2
1662803732000,68.2
1662804798000,66.2
1662805922000,64.2
1662807182000,62.2
1662808173000,60.2
1662809313000,58.2
1662810497000,56.2
1662811548000,54.2
1662811953000,32
1662811968000,53.8
1662813648000,51.8
1662815957000,49.8
1662824162000,51.8
1662826952000,53.8
1662829712000,55.8
1662832697000,57.8
1662835367000,59.8
1662837947000,61.8
1662840227000,63.8
1662842567000,65.9
1662845027000,67.9
1662847157000,69.9
1662849632000,71.9
1662852032000,73.9
1662855422000,75.9
1662858377000,77.9
1662861618000,79.9
1662865668000,81.9
1662871983000,83.9
1662885768000,81.9
1662887838000,79.9
1662889503000,77.9
1662890793000,75.9
1662892128000,73.9
1662893193000,71.9
1662894633000,69.9
1662895473000,67.9
1662896493000,65.9
1662897753000,63.9
1662899223000,61.9
1662901248000,59.9
1662904248000,57.9
1662908568000,55.9
1662913667000,53.9
1662928458000,55.9
1662931713000,57.9
1662934967000,59.9
1662938072000,61.9
1662941537000,63.9
1662944522000,65.9
1662947177000,67.9
1662950342000,69.9
1662954377000,71.9
1662958862000,73.9
1662969857000,71.9
1662972452000,69.9
1662974222000,67.9
1662975617000,65.9
1662976982000,63.9
1662978887000,61.9
1662980507000,59.9
1662981632000,57.9
1662983402000,55.9
1662984587000,53.9
1662986012000,51.9
1662987887000,49.9
1662989687000,47.9
1662991952000,45.9
1662994382000,43.9
1663008032000,45.9
1663010192000,47.9
1663012322000,49.9
1663014467000,51.9
1663016658000,53.9
1663018892000,55.9
1663020797000,57.9
1663022717000,59.9
1663024652000,61.9
1663026662000,63.9
1663028717000,65.9
1663030922000,67.9
1663033577000,69.9
1663036338000,71.9
1663039608000,73.9
1663043327000,75.9
1663046763000,77.9
1663056108000,75.9
1663057323000,73.9
1663058448000,71.9
1663059963000,69.9
1663061312000,67.9
1663062723000,65.9
1663064343000,63.9
1663066338000,61.9
1663067823000,59.9
1663069638000,57.9
1663071423000,55.9
1663074258000,53.9
1663077198000,51.9
1663081308000,49.9
1663094283000,51.9
1663096488000,53.9
1663098378000,55.9
1663100253000,57.9
1663102218000,59.9
1663104348000,61.9
1663106538000,63.9
1663108908000,65.9
1663111533000,67.9
1663114683000,69.9
1663118177000,71.9
1663121462000,73.9
1663125617000,75.9
1663129787000,77.9
1663133328000,79.9
1663142582000,77.9
1663144142000,75.9
1663144967000,73.9
1663146422000,71.9
1663147742000,69.9
1663149167000,67.9
1663150817000,65.9
1663152257000,63.9
1663153772000,61.9
1663155152000,59.9
1663156892000,57.9
1663158647000,55.9
1663160252000,53.9
1663162622000,51.9
1663165727000,49.9
1663168577000,47.9
1663177067000,49.9
1663182092000,51.9
1663185947000,53.9
1663190177000,55.9
1663192937000,57.9
1663195457000,59.9
1663197947000,61.9
1663199972000,63.9
1663201787000,65.9
1663203378000,67.9
1663205357000,69.9
1663207307000,71.9
1663209378000,73.9
1663211642000,75.9
1663214103000,77.9
1663216937000,79.9
1663220658000,81.9
1663224903000,83.9
1663230527000,81.9
1663231653000,79.9
1663233123000,77.9
1663234503000,75.9
1663236078000,73.9
1663238118000,71.9
1663251528000,73.9
1663260348000,75.9
1663266003000,77.9
1663269408000,79.9
1663272528000,81.9
1663276743000,83.9
1663283987000,85.9
1663290182000,87.9
1663312187000,89.9
1663380243000,91.9
1663404227000,89.9
1663411607000,87.9
1663413572000,85.9
1663415432000,83.9
1663417127000,81.9
1663418687000,79.9
1663420367000,77.9
1663422077000,75.9
1663423727000,73.9
1663425497000,71.9
1663427537000,69.9
1663429817000,67.9
1663433762000,65.9
1663438007000,63.9
1663443378000,61.9
1663449693000,59.9
1663466538000,61.9
1663470123000,63.9
1663473602000,65.9
1663476768000,67.9
1663479678000,69.9
1663482768000,71.9
1663492187000,69.9
1663493568000,67.9
1663495187000,65.9
1663496822000,63.9
1663498622000,61.9
1663500122000,59.9
1663501787000,57.9
1663503962000,55.9
1663506122000,53.9
1663508972000,51.9
1663512992000,49.9
1663518152000,47.9
1663538117000,49.9
1663541387000,51.9
1663544282000,53.9
1663547043000,55.9
1663549653000,57.9
1663552728000,59.9
1663555863000,61.9
1663558863000,63.9
1663561743000,65.9
1663564518000,67.9
1663567053000,69.9
1663574583000,67.9
1663576143000,65.9
1663577703000,63.9
1663579353000,61.9
1663580568000,59.9
1663582083000,57.9
1663583943000,55.9
1663585983000,53.9
1663588008000,51.9
1663590213000,49.9
1663592852000,47.9
1663596123000,45.9
1663599693000,43.9
1663606547000,41.9
1663622177000,43.9
1663626362000,45.9
1663629527000,47.9
1663632182000,49.9
1663635287000,51.9
1663637867000,53.9
1663640387000,55.9
1663643567000,57.9
1663646582000,59.9
1663650317000,61.9
1663652822000,63.9
1663656167000,65.9
1663668992000,63.9
1663671138000,61.9
1663672982000,59.9
1663675203000,57.9
1663677887000,55.9
1663681833000,53.9
1663685327000,51.9
1663689063000,49.9
1663711593000,51.9
1663716768000,53.9
1663720923000,55.9
1663724268000,57.9
1663728093000,59.9
1663732248000,61.9
1663736373000,63.9
1663740168000,65.9
1663741528000,65.9
1663742368000,65.9
1663749707000,63.9
1663751432000,61.9
1663754027000,59.9
1663756248000,57.9
1663758767000,55.9
1663761407000,53.9
1663765128000,51.9
1663766897000,49.9
1663769717000,47.9
1663773303000,45.9
1663796913000,47.9
1663800648000,49.9
1663804683000,51.9
1663808628000,53.9
1663811838000,55.9
1663815168000,57.9
1663819053000,59.9
1663822982000,61.9
1663825533000,63.9
1663837758000,61.9
1663840068000,59.9
1663841897000,57.9
1663843413000,55.9
1663846128000,53.9
1663849577000,51.9
1663852773000,49.9
1663854963000,47.9
1663870367000,49.9
1663873817000,51.9
1663877207000,53.9
1663879952000,55.9
1663882697000,57.9
1663885247000,59.9
1663888037000,61.9
1663890977000,63.9
1663893977000,65.9
1663897532000,67.9
1663901972000,69.9
1663906322000,71.9
1663910823000,73.9
1663922627000,71.9
1663924097000,69.9
1663925643000,67.9
1663927548000,65.9
1663929347000,63.9
1663931252000,61.9
1663933157000,59.9
1663935018000,57.9
1663936668000,55.9
1663938648000,53.9
1663940553000,51.9
1663943073000,49.9
1663945413000,47.9
1663948458000,45.9
1663960068000,47.9
1663962723000,49.9
1663965243000,51.9
1663967973000,53.9
1663970342000,55.9
1663972683000,57.9
1663975607000,59.9
1663978427000,61.9
1663981562000,63.9
1663984652000,65.9
1663987832000,67.9
1663991387000,69.9
1663995632000,71.9
1663999922000,73.9
1664004062000,75.9
1664008697000,73.9
1664010467000,71.9
1664012402000,69.9
1664014877000,67.9
1664016452000,65.9
1664017997000,63.9
1664019707000,61.9
1664021537000,59.9
1664023277000,57.9
1664025257000,55.9
1664027732000,53.9
1664032518000,51.9
1664040573000,53.9
1664043783000,55.9
1664046543000,57.9
1664049018000,59.9
1664051538000,61.9
1664054223000,63.9
1664056728000,65.9
1664059488000,67.9
1664062263000,69.9
1664065713000,71.9
1664069388000,73.9
1664073813000,75.9
1664079198000,77.9
1664085062000,79.9
1664090747000,81.9
1664096252000,83.9
1664116847000,81.9
1664129612000,83.9
1664133782000,85.9
1664140518000,87.9
1664151528000,89.9
1664161338000,91.9
1664174778000,93.9
1664182983000,91.9
1664186673000,89.9
1664190108000,87.9
1664191577000,85.9
1664193062000,83.9
1664194668000,81.9
1664196602000,79.9
1664198117000,77.9
1664199107000,75.9
1664200877000,73.9
1664202723000,71.9
1664210987000,73.9
1664213327000,75.9
1664215847000,77.9
1664218742000,79.9
1664221982000,81.9
1664226212000,83.9
1664230952000,85.9
1664237237000,87.9
1664244182000,89.9
1664275983000,87.9
1664281353000,85.9
1664288238000,83.9
1664295048000,81.9
1664308053000,83.9
1664314502000,85.9
1664341937000,87.9
1664352888000,85.9
1664355663000,83.9
1664357747000,81.9
1664362488000,79.9
1664369777000,77.9
1664375028000,75.9
1664381420000,75.9
1664386023000,77.9
1664391438000,79.9
1664396238000,81.9
1664402462000,83.9
1664411537000,85.9
1664429672000,87.9
1664495777000,89.9
1664516343000,91.9
1664530128000,89.9
1664532348000,87.9
1664535003000,85.9
1664537268000,83.9
1664540523000,81.9
1664542953000,79.9
1664546598000,77.9
1664560098000,79.9
1664563923000,81.9
1664567823000,83.9
1664572502000,85.9
1664578472000,87.9
1664586422000,89.9
1664594522000,91.9
1664620187000,89.9
1664623022000,87.9
1664625692000,85.9
1664627882000,83.9
1664629562000,81.9
1664631452000,79.9
1664635097000,77.9
1664643407000,79.9
1664646932000,81.9
1664650577000,83.9
1664656713000,85.9
1664663223000,87.9
1664676738000,85.9
1664678793000,83.9
1664681958000,81.9
1664684658000,79.9
1664699643000,77.9
1664701503000,75.9
1664702613000,73.9
1664703918000,71.9
1664705268000,69.9
1664706918000,67.9
1664709963000,65.9
1664721588000,63.9
1664724558000,61.9
1664733108000,63.9
1664735147000,65.9
1664737188000,67.9
1664739363000,69.9
1664741672000,71.9
1664743802000,73.9
1664746352000,75.9
1664748902000,77.9
1664754677000,79.9
1664769002000,81.9
1664785367000,79.9
1664787392000,77.9
1664788697000,75.9
1664790107000,73.9
1664791502000,71.9
1664792537000,69.9
1664793662000,67.9
1664794727000,65.9
1664796002000,63.9
1664797487000,61.9
1664798942000,59.9
1664800743000,57.9
1664802557000,55.9
1664804462000,53.9
1664806607000,51.9
1664809368000,49.9
1664812622000,47.9
1664835303000,49.9
1664838573000,51.9
1664841933000,53.9
1664844873000,55.9
1664847468000,57.9
1664850453000,59.9
1664853078000,61.9
1664855778000,63.9
1664859018000,65.9
1664861433000,67.9
1664865287000,69.9
1664868468000,71.9
1664875142000,69.9
1664876987000,67.9
1664878548000,65.9
1664880092000,63.9
1664881472000,61.9
1664883137000,59.9
1664884412000,57.9
1664886017000,55.9
1664887577000,53.9
1664889197000,51.9
1664890877000,49.9
1664892827000,47.9
1664895167000,45.9
1664898947000,43.9
1664910287000,45.9
1664913062000,47.9
1664915852000,49.9
1664918328000,51.9
1664920488000,53.9
1664922618000,55.9
1664925033000,57.9
1664927538000,59.9
1664930148000,61.9
1664932713000,63.9
1664935653000,65.9
1664938218000,67.9
1664941383000,69.9
1664944998000,71.9
1664948373000,73.9
1664952078000,75.9
1664958213000,73.9
1664960837000,71.9
1664963313000,69.9
1664965367000,67.9
1664967047000,65.9
1664968803000,63.9
1664970632000,61.9
1664972717000,59.9
1664975312000,57.9
1664978373000,55.9
1664991077000,57.9
1664993762000,59.9
1664996042000,61.9
1664998532000,63.9
1665000857000,65.9
1665003467000,67.9
1665006332000,69.9
1665009392000,71.9
1665012333000,73.9
1665015603000,75.9
1665020493000,77.9
1665024573000,79.9
1665028503000,81.9
1665033573000,83.9
1665044238000,81.9
1665045633000,79.9
1665046683000,77.9
1665047687000,75.9
1665048693000,73.9
1665049592000,71.9
1665050582000,69.9
1665051512000,67.9
1665052368000,65.9
1665053358000,63.9
1665054917000,61.9
1665056163000,59.9
1665057453000,57.9
1665058833000,55.9
1665060797000,53.9
1665062912000,51.9
1665065462000,49.9
1665068462000,47.9
1665077462000,49.9
1665079772000,51.9
1665081692000,53.9
1665083387000,55.9
1665085067000,57.9
1665086672000,59.9
1665088412000,61.9
1665090197000,63.9
1665092072000,65.9
1665094037000,67.9
1665096287000,69.9
1665098567000,71.9
1665101387000,73.9
1665103847000,75.9
1665106472000,77.9
1665109427000,79.9
1665113207000,81.9
1665118307000,83.9
1665129812000,81.9
1665131478000,79.9
1665132932000,77.9
1665134387000,75.9
1665135933000,73.9
1665137478000,71.9
1665139187000,69.9
1665140718000,67.9
1665142322000,65.9
1665144048000,63.9
1665146118000,61.9
1665148353000,59.9
1665150813000,57.9
1665155943000,55.9
1665162243000,57.9
1665164823000,59.9
1665167133000,61.9
1665169503000,63.9
1665171797000,65.9
1665174632000,67.9
1665177437000,69.9
1665180377000,71.9
1665183452000,73.9
1665186453000,75.9
1665189932000,77.9
1665193472000,79.9
1665196982000,81.9
1665201572000,83.9
1665206747000,85.9
1665217322000,83.9
1665219107000,81.9
1665220547000,79.9
1665221792000,77.9
1665223502000,75.9
1665225302000,73.9
1665226592000,71.9
1665227897000,69.9
1665229382000,67.9
1665231047000,65.9
1665233132000,63.9
1665236507000,61.9
1665250712000,63.9
1665253892000,65.9
1665256892000,67.9
1665259547000,69.9
1665261917000,71.9
1665264707000,73.9
1665267978000,75.9
1665272523000,77.9
1665277638000,79.9
1665281552000,81.9
1665286473000,83.9
1665292728000,85.9
1665305973000,83.9
1665309963000,81.9
1665314928000,79.9
1665317823000,77.9
1665321333000,75.9
1665325173000,73.9
1665343263000,75.9
1665347568000,77.9
1665352068000,79.9
1665357213000,81.9
1665366978000,83.9
1665391412000,81.9
1665393707000,79.9
1665395687000,77.9
1665397487000,75.9
1665399062000,73.9
1665400247000,71.9
1665401537000,69.9
1665402842000,67.9
1665404387000,65.9
1665406157000,63.9
1665408152000,61.9
1665410852000,59.9
1665415652000,57.9
1665423902000,59.9
1665426872000,61.9
1665429497000,63.9
1665431792000,65.9
1665434372000,67.9
1665436847000,69.9
1665439368000,71.9
1665442038000,73.9
1665444858000,75.9
1665448112000,77.9
1665452988000,79.9
1665458208000,81.9
1665462498000,83.9
1665468048000,85.9
1665477123000,83.9
1665479913000,81.9
1665482868000,79.9
1665484473000,77.9
1665485988000,75.9
1665487533000,73.9
1665488988000,71.9
1665490353000,69.9
1665491823000,67.9
1665493443000,65.9
1665495018000,63.9
1665497538000,61.9
1665512628000,63.9
1665514578000,65.9
1665516422000,67.9
1665518163000,69.9
1665520007000,71.9
1665521763000,73.9
1665523847000,75.9
1665525992000,77.9
1665528317000,79.9
1665531287000,81.9
1665534587000,83.9
1665539132000,85.9
1665547967000,87.9
1665564932000,85.9
1665566912000,83.9
1665569312000,81.9
1665571652000,79.9
1665572912000,77.9
1665574352000,75.9
1665575792000,73.9
1665577412000,71.9
1665579422000,69.9
1665581402000,67.9
1665584927000,65.9
1665588572000,63.9
1665601007000,65.9
1665605898000,67.9
1665610203000,69.9
1665614673000,71.9
1665618123000,73.9
1665621963000,75.9
1665625398000,77.9
1665629298000,79.9
1665633453000,81.9
1665638883000,83.9
1665651843000,81.9
1665653882000,79.9
1665655637000,77.9
1665657527000,75.9
1665659447000,73.9
1665661997000,71.9
1665664367000,69.9
1665666587000,67.9
1665668897000,65.9
1665673157000,63.9
1665682367000,65.9
1665685802000,67.9
1665688607000,69.9
1665691383000,71.9
1665694458000,73.9
1665697533000,75.9
1665700577000,77.9
1665704253000,79.9
1665709413000,81.9
1665716433000,83.9
1665722448000,85.9
1665726738000,87.9
1665738468000,85.9
1665740478000,83.9
1665742428000,81.9
1665744123000,79.9
1665745803000,77.9
1665747603000,75.9
1665749598000,73.9
1665751458000,71.9
1665753557000,69.9
1665756288000,67.9
1665759482000,65.9
1665773852000,67.9
1665776537000,69.9
1665779627000,71.9
1665782537000,73.9
1665785867000,75.9
1665789422000,77.9
1665793592000,79.9
1665798092000,81.9
1665803087000,83.9
1665812433000,85.9
1665823998000,87.9
1665834108000,85.9
1665838008000,83.9
1665841353000,81.9
1665844443000,79.9
1665849512000,77.9
1665861872000,79.9
1665866042000,81.9
1665870947000,83.9
1665877967000,85.9
1665887342000,87.9
1665897452000,89.9
1665910608000,87.9
1665912588000,85.9
1665914298000,83.9
1665915528000,81.9
1665916758000,79.9
1665918048000,77.9
1665919428000,75.9
1665920748000,73.9
1665921948000,71.9
1665923163000,69.9
1665924528000,67.9
1665926073000,65.9
1665927513000,63.9
1665929208000,61.9
1665931278000,59.9
1665935958000,57.9
1665941778000,59.9
1665944343000,61.9
1665946323000,63.9
1665948363000,65.9
1665950463000,67.9
1665952517000,69.9
1665954662000,71.9
1665956688000,73.9
1665959058000,75.9
1665961727000,77.9
1665965027000,79.9
1665969842000,81.9
1665974042000,83.9
1665977507000,85.9
1665980852000,87.9
1665995013000,85.9
1665996752000,83.9
1665998042000,81.9
1665999362000,79.9
1666000847000,77.9
1666002527000,75.9
1666004912000,73.9
1666006892000,71.9
1666008633000,69.9
1666010447000,67.9
1666012293000,65.9
1666015098000,63.9
1666029468000,65.9
1666032153000,67.9
1666034463000,69.9
1666037148000,71.9
1666040373000,73.9
1666044588000,75.9
1666051083000,77.9
1666057518000,79.9
1666062677000,81.9
1666068662000,83.9
1666074843000,85.9
1666081742000,83.9
1666084292000,81.9
1666086197000,79.9
1666088042000,77.9
1666089377000,75.9
1666091132000,73.9
1666092797000,71.9
1666094567000,69.9
1666096367000,67.9
1666098122000,65.9
1666100252000,63.9
1666102622000,61.9
1666105622000,59.9
1666116227000,61.9
1666118028000,63.9
1666119872000,65.9
1666121703000,67.9
1666123758000,69.9
1666125768000,71.9
1666128093000,73.9
1666130883000,75.9
1666134198000,77.9
1666137843000,79.9
1666142928000,81.9
1666148613000,83.9
1666153323000,85.9
1666167767000,83.9
1666169867000,81.9
1666172282000,79.9
1666174532000,77.9
1666176152000,75.9
1666177847000,73.9
1666179632000,71.9
1666182197000,69.9
1666184267000,67.9
1666186277000,65.9
1666188482000,63.9
1666191587000,61.9
1666204217000,63.9
1666207997000,65.9
1666211972000,67.9
1666219742000,69.9
1666250943000,67.9
1666256643000,65.9
1666261068000,63.9
1666267098000,61.9
1666275978000,59.9
1666292448000,61.9
1666297563000,63.9
1666302632000,65.9
1666306997000,67.9
1666313147000,69.9
1666317858000,71.9
1666322492000,73.9
1666327607000,75.9
1666355072000,73.9
1666363172000,71.9
1666376492000,73.9
1666380962000,75.9
1666385463000,77.9
1666391193000,79.9
1666401318000,81.9
1666414503000,83.9
1666451447000,85.9
1666459592000,87.9
1666469567000,89.9
1666478402000,91.9
1666488797000,93.9
1666507382000,95.9
1666523912000,93.9
1666525352000,91.9
1666526747000,89.9
1666527947000,87.9
1666529193000,85.9
1666530423000,83.9
1666531667000,81.9
1666533003000,79.9
1666534382000,77.9
1666535703000,75.9
1666537232000,73.9
1666539093000,71.9
1666549413000,73.9
1666552653000,75.9
1666556358000,77.9
1666564368000,79.9
1666571208000,81.9
1666580868000,83.9
1666605257000,81.9
1666607297000,79.9
1666609217000,77.9
1666611302000,75.9

